id,created,user_id,order_name,amount,cancel
1,2025-05-31 07:43:00,6,일주일 멤버십,30000,0
2,2025-05-31 07:43:10,6,ai 추천권,5000,0
3,2025-06-24 21:37:00,6,한달 멤버십,100000,0
4,2025-05-23 07:21:00,9,일주일 멤버십,30000,0
5,2025-05-23 07:23:08,9,ai 추천권,5000,0
6,2025-05-01 15:14:00,11,일주일 멤버십,30000,0
7,2025-05-01 15:16:08,11,ai 추천권,5000,0
8,2025-05-08 13:19:00,13,일주일 멤버십,30000,0
9,2025-05-08 13:20:32,13,ai 추천권,5000,0
10,2025-06-30 08:01:00,13,한달 멤버십,100000,0
11,2025-05-06 01:15:00,15,한달 멤버십,100000,0
12,2025-06-30 02:25:00,15,일주일 멤버십,30000,0
13,2025-06-30 02:27:08,15,ai 추천권,5000,0
14,2025-05-11 17:54:00,19,한달 멤버십,100000,0
15,2025-06-09 20:44:00,19,한달 멤버십,100000,0
16,2025-07-29 20:52:00,19,일주일 멤버십,30000,0
17,2025-07-29 20:54:34,19,ai 추천권,5000,0
18,2025-05-06 11:52:00,21,일주일 멤버십,30000,0
19,2025-05-06 11:52:45,21,ai 추천권,5000,0
20,2025-06-26 01:31:00,21,일주일 멤버십,30000,0
21,2025-07-08 23:56:00,21,일주일 멤버십,30000,0
22,2025-07-08 23:56:11,21,ai 추천권,5000,0
23,2025-08-24 22:19:00,21,한달 멤버십,100000,0
24,2025-05-03 19:45:00,22,한달 멤버십,100000,0
25,2025-05-28 10:22:00,23,일주일 멤버십,30000,0
26,2025-05-28 10:23:03,23,ai 추천권,5000,0
27,2025-05-21 04:17:00,26,일주일 멤버십,30000,0
28,2025-05-21 04:17:09,26,ai 추천권,5000,0
29,2025-05-22 21:55:00,29,한달 멤버십,100000,0
30,2025-05-15 13:04:00,34,한달 멤버십,100000,0
31,2025-06-02 10:38:00,34,일주일 멤버십,30000,0
32,2025-06-02 10:41:18,34,ai 추천권,5000,0
33,2025-05-07 22:27:00,39,일주일 멤버십,30000,0
34,2025-05-07 22:31:19,39,ai 추천권,5000,0
35,2025-06-02 03:02:00,39,한달 멤버십,100000,0
36,2025-07-25 13:46:00,39,일주일 멤버십,30000,0
37,2025-07-25 13:46:26,39,ai 추천권,5000,0
38,2025-05-02 08:51:00,44,일주일 멤버십,30000,0
39,2025-06-08 17:33:00,44,일주일 멤버십,30000,0
40,2025-06-08 17:37:21,44,ai 추천권,5000,0
41,2025-07-12 02:33:00,44,일주일 멤버십,30000,0
42,2025-08-20 01:22:00,44,일주일 멤버십,30000,0
43,2025-08-20 01:25:16,44,ai 추천권,5000,0
44,2025-09-18 17:48:00,44,일주일 멤버십,30000,0
45,2025-09-18 17:52:06,44,ai 추천권,5000,0
46,2025-10-16 04:45:00,44,일주일 멤버십,30000,0
47,2025-10-16 04:45:01,44,ai 추천권,5000,0
48,2025-05-28 09:28:00,47,일주일 멤버십,30000,0
49,2025-05-28 09:29:39,47,ai 추천권,5000,0
50,2025-06-10 00:29:00,47,일주일 멤버십,30000,0
51,2025-06-10 00:29:15,47,ai 추천권,5000,0
52,2025-05-20 14:56:00,48,한달 멤버십,100000,0
53,2025-05-10 19:35:00,52,일주일 멤버십,30000,0
54,2025-05-10 19:38:57,52,ai 추천권,5000,0
55,2025-05-19 01:27:00,53,일주일 멤버십,30000,0
56,2025-05-19 01:31:24,53,ai 추천권,5000,0
57,2025-05-25 15:57:00,55,일주일 멤버십,30000,0
58,2025-05-25 16:00:38,55,ai 추천권,5000,0
59,2025-06-12 21:38:00,55,일주일 멤버십,30000,0
60,2025-05-30 02:32:00,56,일주일 멤버십,30000,0
61,2025-05-30 02:35:45,56,ai 추천권,5000,0
62,2025-06-01 23:02:00,56,한달 멤버십,100000,0
63,2025-07-31 11:27:00,56,일주일 멤버십,30000,0
64,2025-07-31 11:28:50,56,ai 추천권,5000,0
65,2025-08-16 15:50:00,56,일주일 멤버십,30000,0
66,2025-08-16 15:51:43,56,ai 추천권,5000,0
67,2025-09-18 15:06:00,56,일주일 멤버십,30000,0
68,2025-09-18 15:07:23,56,ai 추천권,5000,0
69,2025-05-16 21:09:00,57,일주일 멤버십,30000,0
70,2025-05-16 21:09:53,57,ai 추천권,5000,0
71,2025-06-05 11:52:00,57,일주일 멤버십,30000,0
72,2025-06-05 11:54:45,57,ai 추천권,5000,0
73,2025-07-11 09:37:00,57,일주일 멤버십,30000,0
74,2025-05-30 17:53:00,59,일주일 멤버십,30000,0
75,2025-05-30 17:57:14,59,ai 추천권,5000,0
76,2025-06-17 16:30:00,59,일주일 멤버십,30000,0
77,2025-06-17 16:33:14,59,ai 추천권,5000,0
78,2025-07-07 09:15:00,59,일주일 멤버십,30000,0
79,2025-07-07 09:15:31,59,ai 추천권,5000,0
80,2025-08-10 07:20:00,59,일주일 멤버십,30000,0
81,2025-08-10 07:22:38,59,ai 추천권,5000,0
82,2025-05-23 22:17:00,60,일주일 멤버십,30000,0
83,2025-05-23 22:21:51,60,ai 추천권,5000,0
84,2025-05-05 16:39:00,63,한달 멤버십,100000,0
85,2025-06-04 16:38:00,63,일주일 멤버십,30000,0
86,2025-07-15 10:40:00,63,일주일 멤버십,30000,0
87,2025-07-15 10:40:03,63,ai 추천권,5000,0
88,2025-08-05 07:57:00,63,일주일 멤버십,30000,0
89,2025-09-15 14:54:00,63,일주일 멤버십,30000,0
90,2025-05-12 16:36:00,64,일주일 멤버십,30000,0
91,2025-05-12 16:38:15,64,ai 추천권,5000,0
92,2025-06-21 05:49:00,64,일주일 멤버십,30000,0
93,2025-05-13 13:02:00,65,일주일 멤버십,30000,0
94,2025-05-13 13:02:59,65,ai 추천권,5000,0
95,2025-05-17 17:18:00,66,일주일 멤버십,30000,0
96,2025-06-19 17:24:00,66,일주일 멤버십,30000,0
97,2025-07-16 12:39:00,66,일주일 멤버십,30000,0
98,2025-07-16 12:43:43,66,ai 추천권,5000,0
99,2025-05-01 04:10:00,68,일주일 멤버십,30000,0
100,2025-06-09 17:34:00,68,일주일 멤버십,30000,0
101,2025-07-28 14:15:00,68,일주일 멤버십,30000,0
102,2025-07-28 14:17:34,68,ai 추천권,5000,0
103,2025-08-03 03:58:00,68,일주일 멤버십,30000,0
104,2025-08-03 03:59:19,68,ai 추천권,5000,0
105,2025-09-19 03:58:00,68,일주일 멤버십,30000,0
106,2025-09-19 03:59:03,68,ai 추천권,5000,0
107,2025-05-01 12:05:00,69,일주일 멤버십,30000,0
108,2025-05-01 12:08:53,69,ai 추천권,5000,0
109,2025-05-08 08:05:00,88,한달 멤버십,100000,0
110,2025-06-03 16:06:00,88,일주일 멤버십,30000,0
111,2025-06-03 16:10:48,88,ai 추천권,5000,0
112,2025-05-06 10:40:00,92,한달 멤버십,100000,0
113,2025-06-22 00:19:00,92,한달 멤버십,100000,0
114,2025-07-12 13:00:00,92,일주일 멤버십,30000,0
115,2025-07-12 13:02:21,92,ai 추천권,5000,0
116,2025-05-15 16:13:00,96,한달 멤버십,100000,0
117,2025-06-09 11:48:00,96,일주일 멤버십,30000,0
118,2025-07-31 04:29:00,96,일주일 멤버십,30000,0
119,2025-07-31 04:33:02,96,ai 추천권,5000,0
120,2025-05-28 14:16:00,99,일주일 멤버십,30000,0
121,2025-05-28 14:20:58,99,ai 추천권,5000,0
122,2025-05-23 07:25:00,103,일주일 멤버십,30000,0
123,2025-05-23 07:27:28,103,ai 추천권,5000,0
124,2025-06-13 09:04:00,103,한달 멤버십,100000,0
125,2025-07-08 05:27:00,103,일주일 멤버십,30000,0
126,2025-08-03 22:41:00,103,일주일 멤버십,30000,0
127,2025-08-03 22:43:59,103,ai 추천권,5000,0
128,2025-09-08 02:43:00,103,한달 멤버십,100000,0
129,2025-05-20 12:41:00,104,한달 멤버십,100000,0
130,2025-06-04 05:20:00,104,일주일 멤버십,30000,0
131,2025-06-04 05:20:20,104,ai 추천권,5000,0
132,2025-07-02 08:28:00,104,일주일 멤버십,30000,0
133,2025-07-02 08:32:27,104,ai 추천권,5000,0
134,2025-08-29 17:24:00,104,일주일 멤버십,30000,0
135,2025-05-01 01:58:00,111,한달 멤버십,100000,0
136,2025-05-16 07:41:00,113,일주일 멤버십,30000,0
137,2025-05-16 07:45:54,113,ai 추천권,5000,0
138,2025-05-03 14:06:00,119,한달 멤버십,100000,0
139,2025-05-30 02:17:00,123,일주일 멤버십,30000,0
140,2025-05-30 02:17:45,123,ai 추천권,5000,0
141,2025-05-22 16:19:00,128,일주일 멤버십,30000,0
142,2025-05-22 16:22:29,128,ai 추천권,5000,0
143,2025-05-04 15:49:00,131,일주일 멤버십,30000,0
144,2025-05-04 15:50:49,131,ai 추천권,5000,0
145,2025-05-12 06:46:00,139,일주일 멤버십,30000,0
146,2025-05-12 06:46:58,139,ai 추천권,5000,0
147,2025-05-31 18:55:00,143,일주일 멤버십,30000,0
148,2025-05-31 18:58:39,143,ai 추천권,5000,0
149,2025-05-23 23:09:00,144,일주일 멤버십,30000,0
150,2025-06-18 11:54:00,144,한달 멤버십,100000,0
151,2025-05-28 15:42:00,147,일주일 멤버십,30000,0
152,2025-05-30 07:17:00,149,일주일 멤버십,30000,0
153,2025-05-30 07:18:04,149,ai 추천권,5000,0
154,2025-05-12 17:41:00,153,일주일 멤버십,30000,0
155,2025-05-12 17:42:58,153,ai 추천권,5000,0
156,2025-05-04 12:08:00,155,한달 멤버십,100000,0
157,2025-06-26 18:35:00,155,일주일 멤버십,30000,0
158,2025-06-26 18:38:10,155,ai 추천권,5000,0
159,2025-05-22 20:41:00,161,한달 멤버십,100000,0
160,2025-06-28 07:38:00,161,일주일 멤버십,30000,0
161,2025-06-28 07:40:09,161,ai 추천권,5000,0
162,2025-05-13 12:47:00,164,일주일 멤버십,30000,0
163,2025-05-13 12:48:18,164,ai 추천권,5000,0
164,2025-06-27 20:03:00,164,일주일 멤버십,30000,0
165,2025-06-27 20:04:29,164,ai 추천권,5000,0
166,2025-07-02 21:05:00,164,일주일 멤버십,30000,0
167,2025-05-02 02:52:00,165,한달 멤버십,100000,0
168,2025-06-03 18:29:00,165,일주일 멤버십,30000,0
169,2025-06-03 18:31:13,165,ai 추천권,5000,0
170,2025-05-28 07:00:00,169,한달 멤버십,100000,0
171,2025-06-17 04:41:00,169,한달 멤버십,100000,0
172,2025-05-07 02:03:00,181,일주일 멤버십,30000,0
173,2025-05-07 02:05:15,181,ai 추천권,5000,0
174,2025-05-28 11:20:00,186,한달 멤버십,100000,0
175,2025-05-03 16:35:00,187,일주일 멤버십,30000,0
176,2025-05-03 16:36:12,187,ai 추천권,5000,0
177,2025-06-03 16:46:00,187,일주일 멤버십,30000,0
178,2025-05-21 20:40:00,188,일주일 멤버십,30000,0
179,2025-06-07 13:16:00,188,일주일 멤버십,30000,0
180,2025-05-11 20:39:00,190,일주일 멤버십,30000,0
181,2025-05-11 20:42:32,190,ai 추천권,5000,0
182,2025-05-08 18:42:00,192,일주일 멤버십,30000,0
183,2025-05-08 18:46:53,192,ai 추천권,5000,0
184,2025-05-05 20:51:00,195,한달 멤버십,100000,0
185,2025-06-04 05:24:00,195,일주일 멤버십,30000,0
186,2025-07-20 19:36:00,195,일주일 멤버십,30000,0
187,2025-07-20 19:37:25,195,ai 추천권,5000,0
188,2025-05-17 08:48:00,199,일주일 멤버십,30000,0
189,2025-05-08 07:02:00,207,한달 멤버십,100000,0
190,2025-06-23 16:01:00,207,일주일 멤버십,30000,0
191,2025-06-23 16:05:16,207,ai 추천권,5000,0
192,2025-07-11 22:22:00,207,한달 멤버십,100000,0
193,2025-05-16 19:03:00,213,일주일 멤버십,30000,0
194,2025-05-16 19:06:03,213,ai 추천권,5000,0
195,2025-05-31 12:15:00,215,한달 멤버십,100000,0
196,2025-06-06 23:25:00,215,일주일 멤버십,30000,0
197,2025-06-06 23:25:12,215,ai 추천권,5000,0
198,2025-07-17 09:04:00,215,일주일 멤버십,30000,0
199,2025-07-17 09:04:04,215,ai 추천권,5000,0
200,2025-08-22 19:37:00,215,일주일 멤버십,30000,0
201,2025-08-22 19:41:11,215,ai 추천권,5000,0
202,2025-09-15 18:12:00,215,일주일 멤버십,30000,0
203,2025-09-15 18:15:04,215,ai 추천권,5000,0
204,2025-05-09 21:05:00,221,한달 멤버십,100000,0
205,2025-06-07 12:59:00,221,일주일 멤버십,30000,0
206,2025-06-07 13:00:52,221,ai 추천권,5000,0
207,2025-05-31 17:18:00,227,일주일 멤버십,30000,0
208,2025-05-31 17:19:23,227,ai 추천권,5000,0
209,2025-06-01 17:02:00,227,일주일 멤버십,30000,0
210,2025-06-01 17:04:08,227,ai 추천권,5000,0
211,2025-07-23 04:36:00,227,한달 멤버십,100000,0
212,2025-05-28 05:51:00,232,한달 멤버십,100000,0
213,2025-06-22 22:33:00,232,한달 멤버십,100000,0
214,2025-05-08 22:27:00,233,일주일 멤버십,30000,0
215,2025-05-06 00:30:00,234,일주일 멤버십,30000,0
216,2025-05-06 00:30:33,234,ai 추천권,5000,0
217,2025-05-27 21:04:00,237,일주일 멤버십,30000,0
218,2025-05-27 21:05:23,237,ai 추천권,5000,0
219,2025-06-25 06:40:00,237,일주일 멤버십,30000,0
220,2025-06-25 06:40:34,237,ai 추천권,5000,0
221,2025-07-11 11:21:00,237,한달 멤버십,100000,0
222,2025-08-01 11:56:00,237,한달 멤버십,100000,0
223,2025-09-20 09:44:00,237,일주일 멤버십,30000,0
224,2025-09-20 09:46:12,237,ai 추천권,5000,0
225,2025-05-07 22:03:00,238,한달 멤버십,100000,0
226,2025-06-15 04:08:00,238,일주일 멤버십,30000,0
227,2025-06-15 04:08:20,238,ai 추천권,5000,0
228,2025-07-08 00:45:00,238,일주일 멤버십,30000,0
229,2025-05-26 06:36:00,242,일주일 멤버십,30000,0
230,2025-05-26 06:39:43,242,ai 추천권,5000,0
231,2025-05-01 19:07:00,243,한달 멤버십,100000,0
232,2025-05-29 13:39:00,245,일주일 멤버십,30000,0
233,2025-05-29 13:43:46,245,ai 추천권,5000,0
234,2025-06-01 07:13:00,245,일주일 멤버십,30000,0
235,2025-07-09 02:01:00,245,일주일 멤버십,30000,0
236,2025-07-09 02:04:44,245,ai 추천권,5000,0
237,2025-08-01 00:43:00,245,일주일 멤버십,30000,0
238,2025-08-01 00:45:29,245,ai 추천권,5000,0
239,2025-05-21 03:31:00,247,일주일 멤버십,30000,0
240,2025-05-21 03:32:14,247,ai 추천권,5000,0
241,2025-05-01 10:52:00,252,일주일 멤버십,30000,0
242,2025-05-01 10:55:29,252,ai 추천권,5000,0
243,2025-05-23 10:23:00,257,한달 멤버십,100000,0
244,2025-06-06 04:42:00,257,일주일 멤버십,30000,0
245,2025-05-18 06:29:00,258,일주일 멤버십,30000,0
246,2025-05-18 06:31:36,258,ai 추천권,5000,0
247,2025-06-24 01:44:00,258,한달 멤버십,100000,0
248,2025-05-28 21:12:00,261,일주일 멤버십,30000,0
249,2025-05-28 21:12:24,261,ai 추천권,5000,0
250,2025-05-25 05:52:00,262,한달 멤버십,100000,0
251,2025-06-14 05:29:00,262,일주일 멤버십,30000,0
252,2025-06-14 05:33:39,262,ai 추천권,5000,0
253,2025-05-03 14:17:00,263,일주일 멤버십,30000,0
254,2025-05-03 14:17:10,263,ai 추천권,5000,0
255,2025-05-12 17:57:00,264,한달 멤버십,100000,0
256,2025-05-16 03:53:00,265,한달 멤버십,100000,0
257,2025-05-27 09:52:00,266,한달 멤버십,100000,0
258,2025-05-08 11:44:00,267,한달 멤버십,100000,0
259,2025-06-10 21:46:00,267,일주일 멤버십,30000,0
260,2025-06-10 21:47:33,267,ai 추천권,5000,0
261,2025-07-12 18:26:00,267,한달 멤버십,100000,0
262,2025-08-20 19:54:00,267,일주일 멤버십,30000,0
263,2025-08-20 19:55:37,267,ai 추천권,5000,0
264,2025-05-25 10:29:00,270,한달 멤버십,100000,0
265,2025-06-28 08:20:00,270,일주일 멤버십,30000,0
266,2025-05-18 18:57:00,271,일주일 멤버십,30000,0
267,2025-05-29 11:42:00,274,한달 멤버십,100000,0
268,2025-05-07 06:24:00,275,일주일 멤버십,30000,0
269,2025-05-07 06:27:13,275,ai 추천권,5000,0
270,2025-06-07 08:29:00,275,한달 멤버십,100000,0
271,2025-07-05 21:32:00,275,한달 멤버십,100000,0
272,2025-05-16 08:24:00,279,한달 멤버십,100000,0
273,2025-05-30 10:44:00,288,일주일 멤버십,30000,0
274,2025-05-30 10:44:25,288,ai 추천권,5000,0
275,2025-05-16 23:34:00,290,일주일 멤버십,30000,0
276,2025-05-21 17:55:00,292,일주일 멤버십,30000,0
277,2025-05-21 17:58:24,292,ai 추천권,5000,0
278,2025-05-09 07:36:00,293,한달 멤버십,100000,0
279,2025-06-02 22:58:00,293,일주일 멤버십,30000,0
280,2025-07-08 15:37:00,293,일주일 멤버십,30000,0
281,2025-07-08 15:41:59,293,ai 추천권,5000,0
282,2025-05-15 21:57:00,297,일주일 멤버십,30000,0
283,2025-05-15 21:59:10,297,ai 추천권,5000,0
284,2025-05-15 12:37:00,299,한달 멤버십,100000,0
285,2025-05-13 20:49:00,300,일주일 멤버십,30000,0
286,2025-06-25 14:53:00,300,일주일 멤버십,30000,0
287,2025-06-25 14:57:51,300,ai 추천권,5000,0
288,2025-07-30 23:16:00,300,일주일 멤버십,30000,0
289,2025-07-30 23:20:57,300,ai 추천권,5000,0
290,2025-06-23 06:03:00,326,한달 멤버십,100000,0
291,2025-06-15 14:24:00,328,한달 멤버십,100000,0
292,2025-07-21 06:20:00,328,한달 멤버십,100000,0
293,2025-06-07 12:37:00,330,한달 멤버십,100000,0
294,2025-07-23 22:32:00,330,일주일 멤버십,30000,0
295,2025-08-29 06:26:00,330,일주일 멤버십,30000,0
296,2025-06-22 01:46:00,332,한달 멤버십,100000,0
297,2025-07-31 04:59:00,332,일주일 멤버십,30000,0
298,2025-06-23 21:45:00,335,일주일 멤버십,30000,0
299,2025-07-20 14:09:00,335,일주일 멤버십,30000,0
300,2025-08-07 04:08:00,335,한달 멤버십,100000,0
301,2025-09-03 09:27:00,335,한달 멤버십,100000,0
302,2025-06-12 10:23:00,337,일주일 멤버십,30000,0
303,2025-06-12 10:26:52,337,ai 추천권,5000,0
304,2025-06-02 01:26:00,338,한달 멤버십,100000,0
305,2025-07-07 13:19:00,338,일주일 멤버십,30000,0
306,2025-07-07 13:22:05,338,ai 추천권,5000,0
307,2025-06-18 18:15:00,341,일주일 멤버십,30000,0
308,2025-06-25 00:53:00,343,한달 멤버십,100000,0
309,2025-06-04 04:10:00,344,한달 멤버십,100000,0
310,2025-06-01 11:24:00,347,한달 멤버십,100000,0
311,2025-07-23 11:15:00,347,일주일 멤버십,30000,0
312,2025-07-23 11:17:12,347,ai 추천권,5000,0
313,2025-08-31 10:37:00,347,일주일 멤버십,30000,0
314,2025-08-31 10:38:05,347,ai 추천권,5000,0
315,2025-06-25 17:38:00,350,일주일 멤버십,30000,0
316,2025-07-08 20:08:00,350,한달 멤버십,100000,0
317,2025-08-07 18:46:00,350,한달 멤버십,100000,0
318,2025-06-02 00:33:00,351,한달 멤버십,100000,0
319,2025-07-08 12:36:00,351,한달 멤버십,100000,0
320,2025-08-27 04:27:00,351,일주일 멤버십,30000,0
321,2025-06-05 01:36:00,352,일주일 멤버십,30000,0
322,2025-06-05 01:38:53,352,ai 추천권,5000,0
323,2025-06-04 05:02:00,360,한달 멤버십,100000,0
324,2025-07-07 08:19:00,360,한달 멤버십,100000,0
325,2025-06-22 07:37:00,368,일주일 멤버십,30000,0
326,2025-06-19 12:50:00,370,일주일 멤버십,30000,0
327,2025-06-19 12:51:16,370,ai 추천권,5000,0
328,2025-07-08 00:30:00,370,한달 멤버십,100000,0
329,2025-08-14 01:55:00,370,일주일 멤버십,30000,0
330,2025-08-14 01:59:47,370,ai 추천권,5000,0
331,2025-09-08 20:29:00,370,일주일 멤버십,30000,0
332,2025-09-08 20:31:24,370,ai 추천권,5000,0
333,2025-10-11 09:39:00,370,한달 멤버십,100000,0
334,2025-06-06 22:42:00,378,일주일 멤버십,30000,0
335,2025-06-06 22:42:14,378,ai 추천권,5000,0
336,2025-06-18 01:57:00,380,한달 멤버십,100000,0
337,2025-07-14 11:32:00,380,일주일 멤버십,30000,0
338,2025-07-14 11:33:11,380,ai 추천권,5000,0
339,2025-06-27 08:28:00,386,일주일 멤버십,30000,0
340,2025-06-27 08:30:12,386,ai 추천권,5000,0
341,2025-06-15 17:29:00,388,한달 멤버십,100000,0
342,2025-06-23 22:38:00,392,일주일 멤버십,30000,0
343,2025-07-15 14:49:00,392,한달 멤버십,100000,0
344,2025-06-17 16:38:00,394,한달 멤버십,100000,0
345,2025-06-26 19:08:00,397,한달 멤버십,100000,0
346,2025-06-13 08:07:00,401,일주일 멤버십,30000,0
347,2025-06-13 08:07:01,401,ai 추천권,5000,0
348,2025-07-03 20:33:00,401,한달 멤버십,100000,0
349,2025-06-23 12:34:00,402,한달 멤버십,100000,0
350,2025-06-21 12:24:00,404,한달 멤버십,100000,0
351,2025-07-28 18:53:00,404,일주일 멤버십,30000,0
352,2025-07-28 18:53:33,404,ai 추천권,5000,0
353,2025-08-07 03:56:00,404,일주일 멤버십,30000,0
354,2025-08-07 03:58:15,404,ai 추천권,5000,0
355,2025-09-08 11:43:00,404,일주일 멤버십,30000,0
356,2025-09-08 11:43:43,404,ai 추천권,5000,0
357,2025-06-20 17:43:00,406,일주일 멤버십,30000,0
358,2025-06-20 17:43:11,406,ai 추천권,5000,0
359,2025-06-16 00:44:00,407,한달 멤버십,100000,0
360,2025-06-16 14:41:00,411,일주일 멤버십,30000,0
361,2025-06-16 14:41:29,411,ai 추천권,5000,0
362,2025-07-10 07:14:00,411,일주일 멤버십,30000,0
363,2025-07-10 07:18:41,411,ai 추천권,5000,0
364,2025-06-14 02:42:00,415,한달 멤버십,100000,0
365,2025-07-03 01:59:00,415,한달 멤버십,100000,0
366,2025-06-27 03:31:00,417,일주일 멤버십,30000,0
367,2025-06-27 03:34:06,417,ai 추천권,5000,0
368,2025-07-12 01:09:00,417,일주일 멤버십,30000,0
369,2025-07-12 01:11:28,417,ai 추천권,5000,0
370,2025-06-21 07:45:00,418,한달 멤버십,100000,0
371,2025-06-22 05:39:00,419,일주일 멤버십,30000,0
372,2025-07-26 19:30:00,419,한달 멤버십,100000,0
373,2025-08-23 20:42:00,419,일주일 멤버십,30000,0
374,2025-09-20 13:20:00,419,일주일 멤버십,30000,0
375,2025-09-20 13:23:52,419,ai 추천권,5000,0
376,2025-06-13 09:07:00,428,한달 멤버십,100000,0
377,2025-07-15 09:02:00,428,한달 멤버십,100000,0
378,2025-06-07 07:29:00,431,한달 멤버십,100000,0
379,2025-06-13 00:53:00,442,일주일 멤버십,30000,0
380,2025-06-13 00:55:56,442,ai 추천권,5000,0
381,2025-07-26 14:19:00,442,일주일 멤버십,30000,0
382,2025-07-26 14:19:24,442,ai 추천권,5000,0
383,2025-06-27 10:32:00,449,일주일 멤버십,30000,0
384,2025-06-12 14:16:00,450,일주일 멤버십,30000,0
385,2025-06-12 14:16:14,450,ai 추천권,5000,0
386,2025-06-08 10:09:00,453,일주일 멤버십,30000,0
387,2025-06-03 22:03:00,454,한달 멤버십,100000,0
388,2025-06-29 16:39:00,459,일주일 멤버십,30000,0
389,2025-06-29 16:41:45,459,ai 추천권,5000,0
390,2025-06-19 13:07:00,461,일주일 멤버십,30000,0
391,2025-06-19 13:08:48,461,ai 추천권,5000,0
392,2025-07-24 22:12:00,461,일주일 멤버십,30000,0
393,2025-07-24 22:16:33,461,ai 추천권,5000,0
394,2025-08-29 04:09:00,461,한달 멤버십,100000,0
395,2025-06-16 21:59:00,463,한달 멤버십,100000,0
396,2025-07-11 09:34:00,463,한달 멤버십,100000,0
397,2025-06-25 09:30:00,471,일주일 멤버십,30000,0
398,2025-06-01 09:11:00,474,일주일 멤버십,30000,0
399,2025-06-01 09:14:54,474,ai 추천권,5000,0
400,2025-06-03 14:11:00,480,일주일 멤버십,30000,0
401,2025-06-03 14:15:35,480,ai 추천권,5000,0
402,2025-07-26 04:39:00,480,일주일 멤버십,30000,0
403,2025-08-31 13:39:00,480,일주일 멤버십,30000,0
404,2025-06-09 14:48:00,486,일주일 멤버십,30000,0
405,2025-06-09 14:48:36,486,ai 추천권,5000,0
406,2025-07-30 19:59:00,486,일주일 멤버십,30000,0
407,2025-06-09 16:18:00,503,일주일 멤버십,30000,0
408,2025-06-22 11:26:00,505,한달 멤버십,100000,0
409,2025-07-12 13:35:00,505,한달 멤버십,100000,0
410,2025-06-30 07:55:00,506,일주일 멤버십,30000,0
411,2025-06-20 08:33:00,508,일주일 멤버십,30000,0
412,2025-06-20 08:35:42,508,ai 추천권,5000,0
413,2025-06-23 04:28:00,509,일주일 멤버십,30000,0
414,2025-06-07 14:43:00,510,일주일 멤버십,30000,0
415,2025-06-07 14:47:12,510,ai 추천권,5000,0
416,2025-07-21 05:18:00,510,일주일 멤버십,30000,0
417,2025-07-21 05:21:01,510,ai 추천권,5000,0
418,2025-08-26 03:08:00,510,한달 멤버십,100000,0
419,2025-06-03 10:44:00,518,한달 멤버십,100000,0
420,2025-06-23 09:05:00,523,일주일 멤버십,30000,0
421,2025-06-23 09:05:15,523,ai 추천권,5000,0
422,2025-07-22 16:11:00,523,한달 멤버십,100000,0
423,2025-08-06 21:33:00,523,일주일 멤버십,30000,0
424,2025-08-06 21:36:16,523,ai 추천권,5000,0
425,2025-09-30 10:53:00,523,일주일 멤버십,30000,0
426,2025-10-23 19:33:00,523,일주일 멤버십,30000,0
427,2025-06-06 22:53:00,524,일주일 멤버십,30000,0
428,2025-06-06 22:55:27,524,ai 추천권,5000,0
429,2025-07-05 01:15:00,524,일주일 멤버십,30000,0
430,2025-07-05 01:16:53,524,ai 추천권,5000,0
431,2025-06-18 14:05:00,525,일주일 멤버십,30000,0
432,2025-06-30 00:13:00,526,한달 멤버십,100000,0
433,2025-06-28 23:30:00,530,한달 멤버십,100000,0
434,2025-06-23 21:49:00,531,한달 멤버십,100000,0
435,2025-07-17 14:47:00,531,한달 멤버십,100000,0
436,2025-08-08 04:00:00,531,일주일 멤버십,30000,0
437,2025-06-18 07:52:00,538,일주일 멤버십,30000,0
438,2025-07-12 20:45:00,538,한달 멤버십,100000,0
439,2025-08-29 13:11:00,538,일주일 멤버십,30000,0
440,2025-09-28 14:31:00,538,한달 멤버십,100000,0
441,2025-06-11 16:22:00,540,한달 멤버십,100000,0
442,2025-06-15 07:47:00,542,일주일 멤버십,30000,0
443,2025-06-30 14:59:00,544,일주일 멤버십,30000,0
444,2025-07-09 01:48:00,544,일주일 멤버십,30000,0
445,2025-07-09 01:49:19,544,ai 추천권,5000,0
446,2025-08-30 13:33:00,544,일주일 멤버십,30000,0
447,2025-08-30 13:34:55,544,ai 추천권,5000,0
448,2025-06-18 17:54:00,550,한달 멤버십,100000,0
449,2025-06-09 16:42:00,562,한달 멤버십,100000,0
450,2025-06-28 02:44:00,567,일주일 멤버십,30000,0
451,2025-06-28 02:48:39,567,ai 추천권,5000,0
452,2025-06-14 05:15:00,571,한달 멤버십,100000,0
453,2025-06-09 01:31:00,576,일주일 멤버십,30000,0
454,2025-06-09 01:35:45,576,ai 추천권,5000,0
455,2025-06-02 07:55:00,578,한달 멤버십,100000,0
456,2025-06-24 16:31:00,580,일주일 멤버십,30000,0
457,2025-06-24 16:34:13,580,ai 추천권,5000,0
458,2025-07-12 13:35:00,580,일주일 멤버십,30000,0
459,2025-07-12 13:37:45,580,ai 추천권,5000,0
460,2025-06-04 11:52:00,583,한달 멤버십,100000,0
461,2025-07-27 06:20:00,583,한달 멤버십,100000,0
462,2025-06-15 15:10:00,584,일주일 멤버십,30000,0
463,2025-06-15 15:13:56,584,ai 추천권,5000,0
464,2025-07-13 11:38:00,584,일주일 멤버십,30000,0
465,2025-07-13 11:41:09,584,ai 추천권,5000,0
466,2025-08-22 09:22:00,584,한달 멤버십,100000,0
467,2025-06-29 20:15:00,589,일주일 멤버십,30000,0
468,2025-06-29 20:18:19,589,ai 추천권,5000,0
469,2025-07-03 14:07:00,589,한달 멤버십,100000,0
470,2025-08-29 09:57:00,589,일주일 멤버십,30000,0
471,2025-08-29 09:58:55,589,ai 추천권,5000,0
472,2025-06-29 11:09:00,592,한달 멤버십,100000,0
473,2025-06-22 16:41:00,593,한달 멤버십,100000,0
474,2025-06-13 20:20:00,594,한달 멤버십,100000,0
475,2025-07-21 22:11:00,594,일주일 멤버십,30000,0
476,2025-07-21 22:14:12,594,ai 추천권,5000,0
477,2025-08-11 04:03:00,594,한달 멤버십,100000,0
478,2025-06-05 15:40:00,595,한달 멤버십,100000,0
479,2025-07-09 14:12:00,595,한달 멤버십,100000,0
480,2025-08-18 04:19:00,595,한달 멤버십,100000,0
481,2025-06-22 07:11:00,596,한달 멤버십,100000,0
482,2025-06-10 09:00:00,597,일주일 멤버십,30000,0
483,2025-06-10 09:01:29,597,ai 추천권,5000,0
484,2025-06-03 17:57:00,604,한달 멤버십,100000,0
485,2025-07-22 05:22:00,604,한달 멤버십,100000,0
486,2025-08-19 01:45:00,604,일주일 멤버십,30000,0
487,2025-08-19 01:49:05,604,ai 추천권,5000,0
488,2025-06-30 20:15:00,605,일주일 멤버십,30000,0
489,2025-07-03 17:57:00,605,일주일 멤버십,30000,0
490,2025-07-03 17:57:59,605,ai 추천권,5000,0
491,2025-08-31 23:14:00,605,일주일 멤버십,30000,0
492,2025-08-31 23:18:18,605,ai 추천권,5000,0
493,2025-06-18 13:05:00,611,한달 멤버십,100000,0
494,2025-07-27 04:07:00,611,일주일 멤버십,30000,0
495,2025-06-20 02:56:00,612,한달 멤버십,100000,0
496,2025-06-03 09:37:00,614,일주일 멤버십,30000,0
497,2025-06-20 01:35:00,615,일주일 멤버십,30000,0
498,2025-06-20 01:39:31,615,ai 추천권,5000,0
499,2025-06-04 21:36:00,620,한달 멤버십,100000,0
500,2025-06-22 06:12:00,621,일주일 멤버십,30000,0
501,2025-07-24 22:13:00,621,한달 멤버십,100000,0
502,2025-08-08 13:56:00,621,한달 멤버십,100000,0
503,2025-06-30 22:56:00,623,일주일 멤버십,30000,0
504,2025-06-30 22:56:36,623,ai 추천권,5000,0
505,2025-06-07 22:35:00,624,한달 멤버십,100000,0
506,2025-06-17 15:18:00,625,일주일 멤버십,30000,0
507,2025-06-17 15:18:16,625,ai 추천권,5000,0
508,2025-07-26 05:01:00,625,한달 멤버십,100000,0
509,2025-06-19 11:27:00,627,한달 멤버십,100000,0
510,2025-07-09 16:30:00,627,일주일 멤버십,30000,0
511,2025-08-16 14:22:00,627,한달 멤버십,100000,0
512,2025-06-21 14:09:00,628,한달 멤버십,100000,0
513,2025-07-25 23:13:00,628,한달 멤버십,100000,0
514,2025-08-07 21:31:00,628,일주일 멤버십,30000,0
515,2025-06-28 21:47:00,630,일주일 멤버십,30000,0
516,2025-07-23 14:54:00,630,한달 멤버십,100000,0
517,2025-06-15 00:00:00,636,한달 멤버십,100000,0
518,2025-07-13 19:55:00,636,한달 멤버십,100000,0
519,2025-06-25 07:13:00,639,한달 멤버십,100000,0
520,2025-06-24 21:20:00,640,일주일 멤버십,30000,0
521,2025-06-24 21:20:05,640,ai 추천권,5000,0
522,2025-06-18 13:12:00,643,일주일 멤버십,30000,0
523,2025-06-18 13:13:51,643,ai 추천권,5000,0
524,2025-07-26 12:21:00,643,한달 멤버십,100000,0
525,2025-06-06 07:29:00,649,한달 멤버십,100000,0
526,2025-07-27 18:31:00,649,한달 멤버십,100000,0
527,2025-08-29 10:58:00,649,한달 멤버십,100000,0
528,2025-06-14 15:34:00,665,한달 멤버십,100000,0
529,2025-06-07 12:56:00,666,한달 멤버십,100000,0
530,2025-06-01 01:16:00,668,일주일 멤버십,30000,0
531,2025-06-25 02:08:00,678,일주일 멤버십,30000,0
532,2025-07-15 10:22:00,678,일주일 멤버십,30000,0
533,2025-06-17 09:00:00,681,한달 멤버십,100000,0
534,2025-06-09 02:23:00,682,한달 멤버십,100000,0
535,2025-07-23 09:45:00,682,일주일 멤버십,30000,0
536,2025-07-23 09:48:15,682,ai 추천권,5000,0
537,2025-06-04 03:19:00,683,한달 멤버십,100000,0
538,2025-07-07 12:04:00,683,일주일 멤버십,30000,0
539,2025-08-13 23:47:00,683,한달 멤버십,100000,0
540,2025-09-11 22:40:00,683,한달 멤버십,100000,0
541,2025-10-30 08:11:00,683,한달 멤버십,100000,0
542,2025-06-25 07:31:00,688,한달 멤버십,100000,0
543,2025-07-26 00:12:00,688,한달 멤버십,100000,0
544,2025-08-09 20:43:00,688,한달 멤버십,100000,0
545,2025-09-28 18:22:00,688,한달 멤버십,100000,0
546,2025-06-01 02:05:00,690,일주일 멤버십,30000,0
547,2025-06-01 02:08:32,690,ai 추천권,5000,0
548,2025-06-05 07:33:00,691,일주일 멤버십,30000,0
549,2025-06-05 07:37:02,691,ai 추천권,5000,0
550,2025-06-20 18:05:00,710,한달 멤버십,100000,0
551,2025-07-12 01:34:00,710,한달 멤버십,100000,0
552,2025-08-26 22:50:00,710,일주일 멤버십,30000,0
553,2025-08-26 22:50:10,710,ai 추천권,5000,0
554,2025-09-21 08:35:00,710,한달 멤버십,100000,0
555,2025-10-31 15:52:00,710,한달 멤버십,100000,0
556,2025-06-26 15:59:00,712,한달 멤버십,100000,0
557,2025-06-20 11:16:00,716,한달 멤버십,100000,0
558,2025-07-14 18:21:00,716,한달 멤버십,100000,0
559,2025-08-24 22:30:00,716,한달 멤버십,100000,0
560,2025-06-01 03:26:00,721,일주일 멤버십,30000,0
561,2025-06-27 13:45:00,733,일주일 멤버십,30000,0
562,2025-06-27 13:46:57,733,ai 추천권,5000,0
563,2025-06-28 01:03:00,738,한달 멤버십,100000,0
564,2025-07-18 03:08:00,738,일주일 멤버십,30000,0
565,2025-07-18 03:10:26,738,ai 추천권,5000,0
566,2025-06-02 08:55:00,741,한달 멤버십,100000,0
567,2025-06-10 05:40:00,745,한달 멤버십,100000,0
568,2025-06-18 15:45:00,755,일주일 멤버십,30000,0
569,2025-06-18 15:48:28,755,ai 추천권,5000,0
570,2025-06-29 10:24:00,759,일주일 멤버십,30000,0
571,2025-06-29 10:27:54,759,ai 추천권,5000,0
572,2025-06-15 01:43:00,766,한달 멤버십,100000,0
573,2025-06-30 00:31:00,768,한달 멤버십,100000,0
574,2025-06-04 02:19:00,769,한달 멤버십,100000,0
575,2025-06-28 15:13:00,780,한달 멤버십,100000,0
576,2025-06-24 21:30:00,787,일주일 멤버십,30000,0
577,2025-06-29 03:40:00,791,한달 멤버십,100000,0
578,2025-07-11 03:10:00,791,일주일 멤버십,30000,0
579,2025-08-25 17:53:00,791,한달 멤버십,100000,0
580,2025-09-25 05:25:00,791,한달 멤버십,100000,0
581,2025-06-13 13:46:00,793,한달 멤버십,100000,0
582,2025-07-12 23:53:00,793,한달 멤버십,100000,0
583,2025-08-27 18:41:00,793,한달 멤버십,100000,0
584,2025-06-22 23:30:00,801,일주일 멤버십,30000,0
585,2025-06-22 23:30:11,801,ai 추천권,5000,0
586,2025-07-16 16:49:00,801,한달 멤버십,100000,0
587,2025-08-25 23:26:00,801,일주일 멤버십,30000,0
588,2025-06-27 22:02:00,805,한달 멤버십,100000,0
589,2025-06-23 22:27:00,809,일주일 멤버십,30000,0
590,2025-06-23 22:29:36,809,ai 추천권,5000,0
591,2025-06-02 15:51:00,812,한달 멤버십,100000,0
592,2025-07-26 10:25:00,812,한달 멤버십,100000,0
593,2025-08-16 12:23:00,812,일주일 멤버십,30000,0
594,2025-06-06 16:06:00,813,일주일 멤버십,30000,0
595,2025-06-06 16:08:19,813,ai 추천권,5000,0
596,2025-07-01 01:12:00,813,일주일 멤버십,30000,0
597,2025-07-01 01:13:08,813,ai 추천권,5000,0
598,2025-06-06 12:39:00,814,일주일 멤버십,30000,0
599,2025-07-28 23:24:00,814,일주일 멤버십,30000,0
600,2025-07-28 23:26:11,814,ai 추천권,5000,0
601,2025-08-12 14:14:00,814,한달 멤버십,100000,0
602,2025-09-23 01:29:00,814,일주일 멤버십,30000,0
603,2025-06-11 02:27:00,816,한달 멤버십,100000,0
604,2025-06-15 12:47:00,817,일주일 멤버십,30000,0
605,2025-06-15 12:48:03,817,ai 추천권,5000,0
606,2025-07-07 15:48:00,817,한달 멤버십,100000,0
607,2025-06-12 06:25:00,819,한달 멤버십,100000,0
608,2025-06-14 07:13:00,822,일주일 멤버십,30000,0
609,2025-07-12 22:25:00,822,일주일 멤버십,30000,0
610,2025-07-12 22:29:27,822,ai 추천권,5000,0
611,2025-08-26 07:31:00,822,일주일 멤버십,30000,0
612,2025-08-26 07:32:36,822,ai 추천권,5000,0
613,2025-09-04 01:14:00,822,일주일 멤버십,30000,0
614,2025-06-19 09:09:00,826,한달 멤버십,100000,0
615,2025-06-09 06:12:00,829,일주일 멤버십,30000,0
616,2025-06-09 06:13:41,829,ai 추천권,5000,0
617,2025-06-25 02:08:00,834,일주일 멤버십,30000,0
618,2025-06-25 02:12:10,834,ai 추천권,5000,0
619,2025-06-15 03:37:00,836,한달 멤버십,100000,0
620,2025-06-19 21:24:00,841,한달 멤버십,100000,0
621,2025-06-23 17:50:00,850,일주일 멤버십,30000,0
622,2025-06-23 17:51:21,850,ai 추천권,5000,0
623,2025-07-07 22:09:00,850,일주일 멤버십,30000,0
624,2025-07-07 22:12:51,850,ai 추천권,5000,0
625,2025-08-31 19:27:00,850,한달 멤버십,100000,0
626,2025-06-07 20:51:00,854,한달 멤버십,100000,0
627,2025-06-30 19:29:00,855,일주일 멤버십,30000,0
628,2025-06-23 11:01:00,857,일주일 멤버십,30000,0
629,2025-06-23 11:01:49,857,ai 추천권,5000,0
630,2025-06-14 13:56:00,866,일주일 멤버십,30000,0
631,2025-06-08 09:31:00,870,일주일 멤버십,30000,0
632,2025-06-08 09:31:48,870,ai 추천권,5000,0
633,2025-06-12 23:39:00,874,일주일 멤버십,30000,0
634,2025-06-12 23:39:01,874,ai 추천권,5000,0
635,2025-07-10 04:54:00,874,일주일 멤버십,30000,0
636,2025-07-10 04:55:27,874,ai 추천권,5000,0
637,2025-08-19 12:15:00,874,일주일 멤버십,30000,0
638,2025-09-22 13:14:00,874,일주일 멤버십,30000,0
639,2025-09-22 13:16:12,874,ai 추천권,5000,0
640,2025-06-19 11:20:00,876,일주일 멤버십,30000,0
641,2025-07-25 21:41:00,876,일주일 멤버십,30000,0
642,2025-07-25 21:41:39,876,ai 추천권,5000,0
643,2025-08-07 01:03:00,876,일주일 멤버십,30000,0
644,2025-08-07 01:03:47,876,ai 추천권,5000,0
645,2025-09-26 14:13:00,876,일주일 멤버십,30000,0
646,2025-09-26 14:16:13,876,ai 추천권,5000,0
647,2025-10-06 11:47:00,876,한달 멤버십,100000,0
648,2025-06-07 09:58:00,881,한달 멤버십,100000,0
649,2025-06-14 21:25:00,883,한달 멤버십,100000,0
650,2025-07-04 01:38:00,883,일주일 멤버십,30000,0
651,2025-07-04 01:42:41,883,ai 추천권,5000,0
652,2025-06-28 23:09:00,886,한달 멤버십,100000,0
653,2025-06-22 00:38:00,900,한달 멤버십,100000,0
654,2025-07-14 09:58:00,900,일주일 멤버십,30000,0
655,2025-07-16 07:45:00,905,일주일 멤버십,30000,0
656,2025-07-16 07:48:43,905,ai 추천권,5000,0
657,2025-07-07 22:14:00,907,일주일 멤버십,30000,0
658,2025-07-07 22:18:42,907,ai 추천권,5000,0
659,2025-07-25 17:32:00,923,일주일 멤버십,30000,0
660,2025-07-25 17:35:48,923,ai 추천권,5000,0
661,2025-08-12 01:38:00,923,한달 멤버십,100000,0
662,2025-07-17 18:41:00,929,일주일 멤버십,30000,0
663,2025-07-17 18:44:20,929,ai 추천권,5000,0
664,2025-08-31 20:10:00,929,한달 멤버십,100000,0
665,2025-09-25 07:22:00,929,일주일 멤버십,30000,0
666,2025-09-25 07:25:28,929,ai 추천권,5000,0
667,2025-07-27 03:43:00,930,일주일 멤버십,30000,0
668,2025-07-27 03:43:17,930,ai 추천권,5000,0
669,2025-07-02 06:21:00,932,일주일 멤버십,30000,0
670,2025-08-14 00:57:00,932,일주일 멤버십,30000,0
671,2025-08-14 00:57:31,932,ai 추천권,5000,0
672,2025-09-15 08:29:00,932,일주일 멤버십,30000,0
673,2025-09-15 08:33:59,932,ai 추천권,5000,0
674,2025-10-03 13:05:00,932,한달 멤버십,100000,0
675,2025-07-11 01:48:00,933,일주일 멤버십,30000,0
676,2025-07-11 01:52:55,933,ai 추천권,5000,0
677,2025-07-10 03:20:00,943,한달 멤버십,100000,0
678,2025-07-05 17:26:00,944,일주일 멤버십,30000,0
679,2025-07-05 17:29:26,944,ai 추천권,5000,0
680,2025-08-17 10:20:00,944,한달 멤버십,100000,0
681,2025-07-26 15:12:00,946,일주일 멤버십,30000,0
682,2025-08-29 00:04:00,946,한달 멤버십,100000,0
683,2025-09-12 14:06:00,946,일주일 멤버십,30000,0
684,2025-10-02 12:47:00,946,일주일 멤버십,30000,0
685,2025-07-21 23:23:00,951,한달 멤버십,100000,0
686,2025-08-04 18:06:00,951,일주일 멤버십,30000,0
687,2025-08-04 18:07:54,951,ai 추천권,5000,0
688,2025-07-22 15:04:00,954,일주일 멤버십,30000,0
689,2025-07-22 15:08:35,954,ai 추천권,5000,0
690,2025-08-31 04:38:00,954,일주일 멤버십,30000,0
691,2025-07-23 03:38:00,962,한달 멤버십,100000,0
692,2025-08-19 07:13:00,962,일주일 멤버십,30000,0
693,2025-09-19 11:10:00,962,일주일 멤버십,30000,0
694,2025-10-28 08:02:00,962,한달 멤버십,100000,0
695,2025-07-13 03:04:00,974,일주일 멤버십,30000,0
696,2025-07-13 03:05:33,974,ai 추천권,5000,0
697,2025-07-18 13:03:00,986,일주일 멤버십,30000,0
698,2025-08-04 21:46:00,986,일주일 멤버십,30000,0
699,2025-08-04 21:47:58,986,ai 추천권,5000,0
700,2025-07-11 11:37:00,989,일주일 멤버십,30000,0
701,2025-07-05 07:07:00,992,일주일 멤버십,30000,0
702,2025-07-19 22:24:00,999,일주일 멤버십,30000,0
703,2025-07-19 22:28:53,999,ai 추천권,5000,0
704,2025-07-01 11:10:00,1001,일주일 멤버십,30000,0
705,2025-07-01 11:11:13,1001,ai 추천권,5000,0
706,2025-07-26 08:49:00,1004,일주일 멤버십,30000,0
707,2025-07-26 08:53:46,1004,ai 추천권,5000,0
708,2025-07-26 13:53:00,1005,한달 멤버십,100000,0
709,2025-08-03 22:39:00,1005,일주일 멤버십,30000,0
710,2025-08-03 22:39:53,1005,ai 추천권,5000,0
711,2025-09-18 07:17:00,1005,한달 멤버십,100000,0
712,2025-10-09 18:56:00,1005,일주일 멤버십,30000,0
713,2025-10-09 18:59:27,1005,ai 추천권,5000,0
714,2025-07-28 23:21:00,1006,일주일 멤버십,30000,0
715,2025-07-23 14:16:00,1007,한달 멤버십,100000,0
716,2025-08-18 07:43:00,1007,일주일 멤버십,30000,0
717,2025-08-18 07:47:40,1007,ai 추천권,5000,0
718,2025-07-03 09:09:00,1011,한달 멤버십,100000,0
719,2025-07-30 20:28:00,1013,일주일 멤버십,30000,0
720,2025-08-22 20:34:00,1013,한달 멤버십,100000,0
721,2025-09-13 19:05:00,1013,일주일 멤버십,30000,0
722,2025-07-31 09:31:00,1014,일주일 멤버십,30000,0
723,2025-07-31 09:34:26,1014,ai 추천권,5000,0
724,2025-08-22 22:24:00,1014,한달 멤버십,100000,0
725,2025-07-22 12:08:00,1017,한달 멤버십,100000,0
726,2025-07-05 23:34:00,1020,일주일 멤버십,30000,0
727,2025-07-05 23:34:05,1020,ai 추천권,5000,0
728,2025-07-29 17:38:00,1023,한달 멤버십,100000,0
729,2025-07-13 05:53:00,1027,일주일 멤버십,30000,0
730,2025-07-13 05:57:12,1027,ai 추천권,5000,0
731,2025-07-29 11:52:00,1028,일주일 멤버십,30000,0
732,2025-07-05 10:09:00,1029,한달 멤버십,100000,0
733,2025-08-11 04:21:00,1029,한달 멤버십,100000,0
734,2025-07-24 16:53:00,1031,일주일 멤버십,30000,0
735,2025-07-24 16:56:20,1031,ai 추천권,5000,0
736,2025-07-02 10:49:00,1033,한달 멤버십,100000,0
737,2025-08-30 23:57:00,1033,일주일 멤버십,30000,0
738,2025-08-30 23:58:42,1033,ai 추천권,5000,0
739,2025-07-09 11:58:00,1034,일주일 멤버십,30000,0
740,2025-07-09 12:00:49,1034,ai 추천권,5000,0
741,2025-07-08 04:08:00,1036,일주일 멤버십,30000,0
742,2025-07-08 04:09:04,1036,ai 추천권,5000,0
743,2025-08-05 18:17:00,1036,일주일 멤버십,30000,0
744,2025-07-27 08:58:00,1037,일주일 멤버십,30000,0
745,2025-07-27 08:58:39,1037,ai 추천권,5000,0
746,2025-08-29 17:59:00,1037,일주일 멤버십,30000,0
747,2025-07-28 06:43:00,1038,한달 멤버십,100000,0
748,2025-07-30 16:09:00,1046,일주일 멤버십,30000,0
749,2025-07-30 16:10:52,1046,ai 추천권,5000,0
750,2025-08-28 21:57:00,1046,한달 멤버십,100000,0
751,2025-07-01 01:51:00,1047,일주일 멤버십,30000,0
752,2025-07-01 01:54:17,1047,ai 추천권,5000,0
753,2025-08-14 11:29:00,1047,일주일 멤버십,30000,0
754,2025-08-14 11:32:43,1047,ai 추천권,5000,0
755,2025-07-16 20:09:00,1060,한달 멤버십,100000,0
756,2025-08-06 04:40:00,1060,일주일 멤버십,30000,0
757,2025-08-06 04:42:48,1060,ai 추천권,5000,0
758,2025-09-17 21:35:00,1060,한달 멤버십,100000,0
759,2025-07-18 23:33:00,1064,일주일 멤버십,30000,0
760,2025-07-18 23:37:02,1064,ai 추천권,5000,0
761,2025-08-15 12:30:00,1064,한달 멤버십,100000,0
762,2025-09-23 01:34:00,1064,한달 멤버십,100000,0
763,2025-10-16 09:20:00,1064,일주일 멤버십,30000,0
764,2025-10-16 09:24:17,1064,ai 추천권,5000,0
765,2025-07-11 06:04:00,1067,일주일 멤버십,30000,0
766,2025-07-11 06:05:51,1067,ai 추천권,5000,0
767,2025-07-25 22:08:00,1070,일주일 멤버십,30000,0
768,2025-07-25 22:08:49,1070,ai 추천권,5000,0
769,2025-07-23 02:16:00,1071,한달 멤버십,100000,0
770,2025-07-27 03:00:00,1072,일주일 멤버십,30000,0
771,2025-08-12 04:37:00,1072,한달 멤버십,100000,0
772,2025-07-03 19:50:00,1077,일주일 멤버십,30000,0
773,2025-07-03 19:54:06,1077,ai 추천권,5000,0
774,2025-08-28 11:14:00,1077,일주일 멤버십,30000,0
775,2025-08-28 11:16:05,1077,ai 추천권,5000,0
776,2025-07-20 14:01:00,1080,일주일 멤버십,30000,0
777,2025-07-20 14:01:24,1080,ai 추천권,5000,0
778,2025-07-16 11:47:00,1083,일주일 멤버십,30000,0
779,2025-07-16 11:50:03,1083,ai 추천권,5000,0
780,2025-07-17 12:03:00,1088,한달 멤버십,100000,0
781,2025-07-19 04:31:00,1091,일주일 멤버십,30000,0
782,2025-07-19 04:32:52,1091,ai 추천권,5000,0
783,2025-08-08 16:08:00,1091,한달 멤버십,100000,0
784,2025-09-28 01:58:00,1091,일주일 멤버십,30000,0
785,2025-09-28 01:59:01,1091,ai 추천권,5000,0
786,2025-10-28 19:20:00,1091,일주일 멤버십,30000,0
787,2025-10-28 19:20:21,1091,ai 추천권,5000,0
788,2025-07-04 09:46:00,1094,일주일 멤버십,30000,0
789,2025-07-15 09:29:00,1096,일주일 멤버십,30000,0
790,2025-07-15 09:33:15,1096,ai 추천권,5000,0
791,2025-08-08 12:24:00,1096,일주일 멤버십,30000,0
792,2025-08-08 12:27:01,1096,ai 추천권,5000,0
793,2025-09-15 12:45:00,1096,일주일 멤버십,30000,0
794,2025-09-15 12:49:42,1096,ai 추천권,5000,0
795,2025-07-26 21:41:00,1097,한달 멤버십,100000,0
796,2025-07-07 16:26:00,1098,한달 멤버십,100000,0
797,2025-08-26 06:38:00,1103,일주일 멤버십,30000,0
798,2025-08-26 06:38:06,1103,ai 추천권,5000,0
799,2025-08-22 12:02:00,1110,일주일 멤버십,30000,0
800,2025-08-21 08:13:00,1112,일주일 멤버십,30000,0
801,2025-08-22 09:55:00,1116,한달 멤버십,100000,0
802,2025-08-04 00:55:00,1118,일주일 멤버십,30000,0
803,2025-08-04 00:57:01,1118,ai 추천권,5000,0
804,2025-09-16 22:01:00,1118,일주일 멤버십,30000,0
805,2025-09-16 22:02:56,1118,ai 추천권,5000,0
806,2025-08-04 02:44:00,1119,한달 멤버십,100000,0
807,2025-09-12 11:47:00,1119,일주일 멤버십,30000,0
808,2025-08-16 18:48:00,1123,일주일 멤버십,30000,0
809,2025-08-16 18:48:54,1123,ai 추천권,5000,0
810,2025-09-07 22:25:00,1123,한달 멤버십,100000,0
811,2025-10-16 12:29:00,1123,일주일 멤버십,30000,0
812,2025-10-16 12:33:13,1123,ai 추천권,5000,0
813,2025-08-14 02:13:00,1126,한달 멤버십,100000,0
814,2025-08-25 17:01:00,1130,일주일 멤버십,30000,0
815,2025-08-28 04:12:00,1132,한달 멤버십,100000,0
816,2025-09-22 15:54:00,1132,일주일 멤버십,30000,0
817,2025-09-22 15:57:07,1132,ai 추천권,5000,0
818,2025-08-08 19:06:00,1133,일주일 멤버십,30000,0
819,2025-08-08 19:10:30,1133,ai 추천권,5000,0
820,2025-08-09 15:39:00,1135,일주일 멤버십,30000,0
821,2025-08-09 15:39:39,1135,ai 추천권,5000,0
822,2025-09-01 02:00:00,1135,일주일 멤버십,30000,0
823,2025-08-26 21:38:00,1143,한달 멤버십,100000,0
824,2025-08-16 07:33:00,1144,한달 멤버십,100000,0
825,2025-08-31 18:24:00,1145,일주일 멤버십,30000,0
826,2025-08-31 18:25:59,1145,ai 추천권,5000,0
827,2025-09-02 18:43:00,1145,일주일 멤버십,30000,0
828,2025-09-02 18:43:24,1145,ai 추천권,5000,0
829,2025-08-12 16:51:00,1149,일주일 멤버십,30000,0
830,2025-08-12 16:55:50,1149,ai 추천권,5000,0
831,2025-09-09 11:39:00,1149,일주일 멤버십,30000,0
832,2025-10-21 11:23:00,1149,한달 멤버십,100000,0
833,2025-08-16 14:00:00,1152,한달 멤버십,100000,0
834,2025-09-10 21:39:00,1152,일주일 멤버십,30000,0
835,2025-09-10 21:42:59,1152,ai 추천권,5000,0
836,2025-08-24 13:00:00,1153,한달 멤버십,100000,0
837,2025-08-11 21:38:00,1162,한달 멤버십,100000,0
838,2025-09-17 12:30:00,1162,한달 멤버십,100000,0
839,2025-08-23 06:54:00,1165,일주일 멤버십,30000,0
840,2025-08-23 06:56:20,1165,ai 추천권,5000,0
841,2025-08-05 15:25:00,1166,일주일 멤버십,30000,0
842,2025-08-15 20:47:00,1172,일주일 멤버십,30000,0
843,2025-08-15 20:49:13,1172,ai 추천권,5000,0
844,2025-08-30 08:55:00,1179,한달 멤버십,100000,0
845,2025-09-21 04:16:00,1179,일주일 멤버십,30000,0
846,2025-09-21 04:19:07,1179,ai 추천권,5000,0
847,2025-10-20 20:00:00,1179,일주일 멤버십,30000,0
848,2025-10-20 20:02:20,1179,ai 추천권,5000,0
849,2025-08-11 00:15:00,1184,일주일 멤버십,30000,0
850,2025-08-11 00:17:59,1184,ai 추천권,5000,0
851,2025-09-02 15:33:00,1184,한달 멤버십,100000,0
852,2025-10-07 06:46:00,1184,일주일 멤버십,30000,0
853,2025-10-07 06:49:27,1184,ai 추천권,5000,0
854,2025-08-08 13:38:00,1186,일주일 멤버십,30000,0
855,2025-08-08 13:42:29,1186,ai 추천권,5000,0
856,2025-09-26 00:30:00,1186,한달 멤버십,100000,0
857,2025-10-31 08:05:00,1186,일주일 멤버십,30000,0
858,2025-10-31 08:08:18,1186,ai 추천권,5000,0
859,2025-08-23 08:53:00,1187,한달 멤버십,100000,0
860,2025-09-26 23:56:00,1187,일주일 멤버십,30000,0
861,2025-09-26 23:59:05,1187,ai 추천권,5000,0
862,2025-08-30 12:29:00,1191,한달 멤버십,100000,0
863,2025-09-23 12:55:00,1191,일주일 멤버십,30000,0
864,2025-09-23 12:55:20,1191,ai 추천권,5000,0
865,2025-10-31 04:57:00,1191,한달 멤버십,100000,0
866,2025-08-26 01:45:00,1196,일주일 멤버십,30000,0
867,2025-08-01 05:40:00,1198,한달 멤버십,100000,0
868,2025-09-26 17:07:00,1198,일주일 멤버십,30000,0
869,2025-09-26 17:09:48,1198,ai 추천권,5000,0
870,2025-10-17 08:37:00,1198,일주일 멤버십,30000,0
871,2025-08-08 00:27:00,1201,일주일 멤버십,30000,0
872,2025-08-08 00:29:09,1201,ai 추천권,5000,0
873,2025-09-28 20:23:00,1201,일주일 멤버십,30000,0
874,2025-09-28 20:27:03,1201,ai 추천권,5000,0
875,2025-08-31 11:42:00,1202,일주일 멤버십,30000,0
876,2025-08-25 14:01:00,1203,일주일 멤버십,30000,0
877,2025-08-25 14:05:31,1203,ai 추천권,5000,0
878,2025-09-16 01:30:00,1203,일주일 멤버십,30000,0
879,2025-09-16 01:34:38,1203,ai 추천권,5000,0
880,2025-08-06 07:56:00,1204,일주일 멤버십,30000,0
881,2025-08-06 07:56:49,1204,ai 추천권,5000,0
882,2025-08-09 11:38:00,1206,일주일 멤버십,30000,0
883,2025-08-09 11:42:27,1206,ai 추천권,5000,0
884,2025-08-07 07:31:00,1208,한달 멤버십,100000,0
885,2025-09-01 10:58:00,1208,일주일 멤버십,30000,0
886,2025-09-01 10:58:06,1208,ai 추천권,5000,0
887,2025-10-02 20:51:00,1208,일주일 멤버십,30000,0
888,2025-08-31 14:33:00,1213,일주일 멤버십,30000,0
889,2025-08-31 14:37:36,1213,ai 추천권,5000,0
890,2025-08-26 00:14:00,1216,한달 멤버십,100000,0
891,2025-09-12 14:13:00,1216,한달 멤버십,100000,0
892,2025-10-22 09:44:00,1216,한달 멤버십,100000,0
893,2025-08-18 16:15:00,1224,한달 멤버십,100000,0
894,2025-08-03 13:31:00,1227,한달 멤버십,100000,0
895,2025-08-21 01:29:00,1239,한달 멤버십,100000,0
896,2025-08-11 04:27:00,1241,한달 멤버십,100000,0
897,2025-08-07 20:02:00,1243,일주일 멤버십,30000,0
898,2025-08-27 05:58:00,1247,한달 멤버십,100000,0
899,2025-09-13 11:16:00,1247,한달 멤버십,100000,0
900,2025-08-19 03:51:00,1249,일주일 멤버십,30000,0
901,2025-08-19 03:51:31,1249,ai 추천권,5000,0
902,2025-08-04 04:55:00,1251,일주일 멤버십,30000,0
903,2025-08-30 10:00:00,1252,일주일 멤버십,30000,0
904,2025-08-30 10:01:06,1252,ai 추천권,5000,0
905,2025-09-18 04:44:00,1252,일주일 멤버십,30000,0
906,2025-09-18 04:47:17,1252,ai 추천권,5000,0
907,2025-08-10 16:55:00,1253,한달 멤버십,100000,0
908,2025-09-19 07:58:00,1253,일주일 멤버십,30000,0
909,2025-08-15 15:38:00,1257,일주일 멤버십,30000,0
910,2025-08-15 15:39:45,1257,ai 추천권,5000,0
911,2025-08-21 21:20:00,1260,한달 멤버십,100000,0
912,2025-09-12 02:34:00,1260,한달 멤버십,100000,0
913,2025-10-22 06:48:00,1260,일주일 멤버십,30000,0
914,2025-10-22 06:49:11,1260,ai 추천권,5000,0
915,2025-08-12 03:32:00,1262,일주일 멤버십,30000,0
916,2025-08-12 03:35:06,1262,ai 추천권,5000,0
917,2025-09-14 16:50:00,1262,일주일 멤버십,30000,0
918,2025-09-14 16:50:41,1262,ai 추천권,5000,0
919,2025-10-02 07:03:00,1262,일주일 멤버십,30000,0
920,2025-08-24 19:21:00,1263,일주일 멤버십,30000,0
921,2025-09-13 03:43:00,1263,일주일 멤버십,30000,0
922,2025-10-10 16:35:00,1263,한달 멤버십,100000,0
923,2025-08-29 22:54:00,1264,한달 멤버십,100000,0
924,2025-09-19 04:41:00,1264,일주일 멤버십,30000,0
925,2025-09-19 04:44:29,1264,ai 추천권,5000,0
926,2025-08-01 14:59:00,1265,한달 멤버십,100000,0
927,2025-08-15 04:54:00,1290,일주일 멤버십,30000,0
928,2025-08-15 04:56:08,1290,ai 추천권,5000,0
929,2025-09-02 00:31:00,1290,일주일 멤버십,30000,0
930,2025-09-02 00:33:26,1290,ai 추천권,5000,0
931,2025-08-19 22:47:00,1293,한달 멤버십,100000,0
932,2025-09-30 23:54:00,1293,한달 멤버십,100000,0
933,2025-08-11 13:42:00,1295,일주일 멤버십,30000,0
934,2025-09-19 07:21:00,1295,일주일 멤버십,30000,0
935,2025-08-01 12:19:00,1298,한달 멤버십,100000,0
936,2025-09-25 04:31:00,1298,일주일 멤버십,30000,0
937,2025-09-25 04:35:08,1298,ai 추천권,5000,0
938,2025-10-03 09:52:00,1298,일주일 멤버십,30000,0
939,2025-10-03 09:52:58,1298,ai 추천권,5000,0
940,2025-08-30 20:52:00,1300,일주일 멤버십,30000,0
941,2025-08-30 20:54:54,1300,ai 추천권,5000,0
942,2025-09-18 07:50:00,1300,일주일 멤버십,30000,0
943,2025-09-18 07:53:03,1300,ai 추천권,5000,0
944,2025-09-30 21:30:00,1309,일주일 멤버십,30000,0
945,2025-09-30 21:33:33,1309,ai 추천권,5000,0
946,2025-10-27 19:22:00,1309,일주일 멤버십,30000,0
947,2025-09-23 01:18:00,1313,일주일 멤버십,30000,0
948,2025-09-23 01:22:03,1313,ai 추천권,5000,0
949,2025-10-22 15:35:00,1313,한달 멤버십,100000,0
950,2025-09-19 14:37:00,1315,일주일 멤버십,30000,0
951,2025-09-19 14:40:21,1315,ai 추천권,5000,0
952,2025-09-12 11:50:00,1329,일주일 멤버십,30000,0
953,2025-10-04 11:53:00,1329,일주일 멤버십,30000,0
954,2025-10-04 11:53:23,1329,ai 추천권,5000,0
955,2025-09-02 19:45:00,1330,일주일 멤버십,30000,0
956,2025-09-02 19:47:02,1330,ai 추천권,5000,0
957,2025-09-22 21:56:00,1334,한달 멤버십,100000,0
958,2025-10-15 16:10:00,1334,일주일 멤버십,30000,0
959,2025-09-07 16:19:00,1336,일주일 멤버십,30000,0
960,2025-09-07 16:22:51,1336,ai 추천권,5000,0
961,2025-09-05 23:00:00,1342,한달 멤버십,100000,0
962,2025-09-06 09:11:00,1343,일주일 멤버십,30000,0
963,2025-09-06 09:14:28,1343,ai 추천권,5000,0
964,2025-10-05 23:52:00,1343,일주일 멤버십,30000,0
965,2025-10-05 23:54:21,1343,ai 추천권,5000,0
966,2025-09-07 21:48:00,1345,일주일 멤버십,30000,0
967,2025-09-07 21:52:14,1345,ai 추천권,5000,0
968,2025-09-21 10:33:00,1347,일주일 멤버십,30000,0
969,2025-09-21 10:37:42,1347,ai 추천권,5000,0
970,2025-10-10 08:39:00,1347,한달 멤버십,100000,0
971,2025-09-11 13:25:00,1359,한달 멤버십,100000,0
972,2025-10-20 08:00:00,1359,일주일 멤버십,30000,0
973,2025-09-19 12:17:00,1363,일주일 멤버십,30000,0
974,2025-09-22 17:11:00,1367,한달 멤버십,100000,0
975,2025-09-21 20:08:00,1370,한달 멤버십,100000,0
976,2025-10-05 05:57:00,1370,일주일 멤버십,30000,0
977,2025-10-05 06:01:00,1370,ai 추천권,5000,0
978,2025-09-18 08:03:00,1371,일주일 멤버십,30000,0
979,2025-09-16 09:45:00,1372,일주일 멤버십,30000,0
980,2025-09-11 10:37:00,1375,일주일 멤버십,30000,0
981,2025-09-11 10:39:47,1375,ai 추천권,5000,0
982,2025-09-03 23:08:00,1385,일주일 멤버십,30000,0
983,2025-09-30 07:10:00,1390,한달 멤버십,100000,0
984,2025-10-04 08:27:00,1390,일주일 멤버십,30000,0
985,2025-10-04 08:29:09,1390,ai 추천권,5000,0
986,2025-09-05 02:43:00,1392,일주일 멤버십,30000,0
987,2025-09-05 02:46:47,1392,ai 추천권,5000,0
988,2025-10-28 11:08:00,1392,한달 멤버십,100000,0
989,2025-09-21 18:05:00,1393,일주일 멤버십,30000,0
990,2025-09-21 18:09:31,1393,ai 추천권,5000,0
991,2025-10-01 10:26:00,1393,한달 멤버십,100000,0
992,2025-09-29 17:20:00,1395,일주일 멤버십,30000,0
993,2025-09-29 17:20:45,1395,ai 추천권,5000,0
994,2025-09-19 22:45:00,1405,일주일 멤버십,30000,0
995,2025-09-19 22:47:23,1405,ai 추천권,5000,0
996,2025-10-04 00:25:00,1405,일주일 멤버십,30000,0
997,2025-10-04 00:29:19,1405,ai 추천권,5000,0
998,2025-09-02 01:23:00,1407,한달 멤버십,100000,0
999,2025-10-17 08:22:00,1407,일주일 멤버십,30000,0
1000,2025-10-17 08:24:32,1407,ai 추천권,5000,0
1001,2025-09-06 11:39:00,1413,일주일 멤버십,30000,0
1002,2025-09-06 11:39:49,1413,ai 추천권,5000,0
1003,2025-09-17 06:02:00,1415,한달 멤버십,100000,0
1004,2025-10-21 15:30:00,1415,한달 멤버십,100000,0
1005,2025-09-01 19:48:00,1419,일주일 멤버십,30000,0
1006,2025-09-01 19:49:12,1419,ai 추천권,5000,0
1007,2025-10-15 09:21:00,1419,일주일 멤버십,30000,0
1008,2025-09-10 14:15:00,1420,일주일 멤버십,30000,0
1009,2025-10-03 19:08:00,1420,일주일 멤버십,30000,0
1010,2025-10-03 19:10:08,1420,ai 추천권,5000,0
1011,2025-09-12 12:54:00,1422,일주일 멤버십,30000,0
1012,2025-09-12 12:55:54,1422,ai 추천권,5000,0
1013,2025-10-14 11:21:00,1422,일주일 멤버십,30000,0
1014,2025-10-14 11:24:35,1422,ai 추천권,5000,0
1015,2025-09-11 04:26:00,1424,일주일 멤버십,30000,0
1016,2025-09-11 04:27:12,1424,ai 추천권,5000,0
1017,2025-09-04 00:00:00,1429,한달 멤버십,100000,0
1018,2025-09-03 02:11:00,1437,일주일 멤버십,30000,0
1019,2025-09-03 02:15:28,1437,ai 추천권,5000,0
1020,2025-10-28 22:38:00,1437,일주일 멤버십,30000,0
1021,2025-10-28 22:39:33,1437,ai 추천권,5000,0
1022,2025-09-08 00:40:00,1442,일주일 멤버십,30000,0
1023,2025-10-19 22:20:00,1442,일주일 멤버십,30000,0
1024,2025-09-10 06:09:00,1446,일주일 멤버십,30000,0
1025,2025-09-06 12:43:00,1447,일주일 멤버십,30000,0
1026,2025-09-06 12:47:31,1447,ai 추천권,5000,0
1027,2025-09-03 20:57:00,1452,일주일 멤버십,30000,0
1028,2025-09-03 20:59:37,1452,ai 추천권,5000,0
1029,2025-09-02 19:14:00,1453,일주일 멤버십,30000,0
1030,2025-09-02 19:17:21,1453,ai 추천권,5000,0
1031,2025-09-25 07:00:00,1455,일주일 멤버십,30000,0
1032,2025-09-25 07:03:09,1455,ai 추천권,5000,0
1033,2025-09-02 00:36:00,1456,한달 멤버십,100000,0
1034,2025-09-09 07:28:00,1458,한달 멤버십,100000,0
1035,2025-09-04 14:00:00,1459,일주일 멤버십,30000,0
1036,2025-09-23 22:55:00,1461,일주일 멤버십,30000,0
1037,2025-09-23 22:59:43,1461,ai 추천권,5000,0
1038,2025-09-30 20:52:00,1463,일주일 멤버십,30000,0
1039,2025-09-30 20:56:01,1463,ai 추천권,5000,0
1040,2025-10-28 17:23:00,1463,일주일 멤버십,30000,0
1041,2025-10-28 17:23:56,1463,ai 추천권,5000,0
1042,2025-09-08 22:49:00,1468,한달 멤버십,100000,0
1043,2025-09-02 21:22:00,1469,한달 멤버십,100000,0
1044,2025-09-16 18:13:00,1475,일주일 멤버십,30000,0
1045,2025-10-01 16:38:00,1475,일주일 멤버십,30000,0
1046,2025-10-01 16:40:12,1475,ai 추천권,5000,0
1047,2025-09-23 20:18:00,1477,일주일 멤버십,30000,0
1048,2025-09-15 00:42:00,1481,한달 멤버십,100000,0
1049,2025-10-13 11:00:00,1481,한달 멤버십,100000,0
1050,2025-09-06 14:07:00,1488,한달 멤버십,100000,0
1051,2025-09-17 00:47:00,1497,일주일 멤버십,30000,0
1052,2025-09-17 00:48:53,1497,ai 추천권,5000,0
1053,2025-10-21 02:37:00,1497,일주일 멤버십,30000,0
1054,2025-10-21 02:41:53,1497,ai 추천권,5000,0
1055,2025-09-21 14:03:00,1498,일주일 멤버십,30000,0
1056,2025-09-21 14:04:41,1498,ai 추천권,5000,0
1057,2025-10-30 21:42:00,1501,일주일 멤버십,30000,0
1058,2025-10-30 21:45:57,1501,ai 추천권,5000,0
1059,2025-10-19 14:08:00,1505,일주일 멤버십,30000,0
1060,2025-10-19 14:12:20,1505,ai 추천권,5000,0
1061,2025-10-04 18:21:00,1506,한달 멤버십,100000,0
1062,2025-10-07 20:20:00,1512,일주일 멤버십,30000,0
1063,2025-10-06 04:02:00,1516,일주일 멤버십,30000,0
1064,2025-10-06 04:03:02,1516,ai 추천권,5000,0
1065,2025-10-27 18:59:00,1519,한달 멤버십,100000,0
1066,2025-10-22 19:11:00,1522,일주일 멤버십,30000,0
1067,2025-10-22 19:11:25,1522,ai 추천권,5000,0
1068,2025-10-09 23:33:00,1524,일주일 멤버십,30000,0
1069,2025-10-09 23:37:03,1524,ai 추천권,5000,0
1070,2025-10-18 04:46:00,1525,일주일 멤버십,30000,0
1071,2025-10-18 04:50:15,1525,ai 추천권,5000,0
1072,2025-10-10 15:28:00,1526,일주일 멤버십,30000,0
1073,2025-10-10 15:31:12,1526,ai 추천권,5000,0
1074,2025-10-13 19:37:00,1533,일주일 멤버십,30000,0
1075,2025-10-13 19:38:04,1533,ai 추천권,5000,0
1076,2025-10-02 02:39:00,1534,일주일 멤버십,30000,0
1077,2025-10-02 02:42:15,1534,ai 추천권,5000,0
1078,2025-10-04 18:05:00,1538,한달 멤버십,100000,0
1079,2025-10-02 06:40:00,1542,일주일 멤버십,30000,0
1080,2025-10-02 06:44:45,1542,ai 추천권,5000,0
1081,2025-10-13 16:08:00,1544,일주일 멤버십,30000,0
1082,2025-10-13 16:12:05,1544,ai 추천권,5000,0
1083,2025-10-06 13:44:00,1546,한달 멤버십,100000,0
1084,2025-10-22 08:49:00,1547,일주일 멤버십,30000,0
1085,2025-10-22 08:53:12,1547,ai 추천권,5000,0
1086,2025-10-04 05:35:00,1548,일주일 멤버십,30000,0
1087,2025-10-04 05:36:41,1548,ai 추천권,5000,0
1088,2025-10-15 07:36:00,1549,일주일 멤버십,30000,0
1089,2025-10-15 20:29:00,1551,일주일 멤버십,30000,0
1090,2025-10-15 20:31:52,1551,ai 추천권,5000,0
1091,2025-10-21 08:43:00,1553,일주일 멤버십,30000,0
1092,2025-10-21 08:46:45,1553,ai 추천권,5000,0
1093,2025-10-03 04:42:00,1563,일주일 멤버십,30000,0
1094,2025-10-03 04:44:35,1563,ai 추천권,5000,0
1095,2025-10-30 22:04:00,1565,일주일 멤버십,30000,0
1096,2025-10-30 22:06:50,1565,ai 추천권,5000,0
1097,2025-10-29 14:10:00,1567,일주일 멤버십,30000,0
1098,2025-10-29 14:12:20,1567,ai 추천권,5000,0
1099,2025-10-28 11:28:00,1570,일주일 멤버십,30000,0
1100,2025-10-28 11:31:34,1570,ai 추천권,5000,0
1101,2025-10-07 06:36:00,1571,일주일 멤버십,30000,0
1102,2025-10-07 06:40:35,1571,ai 추천권,5000,0
1103,2025-10-11 10:01:00,1575,일주일 멤버십,30000,0
1104,2025-10-11 10:03:20,1575,ai 추천권,5000,0
1105,2025-10-21 08:17:00,1576,한달 멤버십,100000,0
1106,2025-10-01 09:09:00,1578,한달 멤버십,100000,0
1107,2025-10-09 18:09:00,1582,일주일 멤버십,30000,0
1108,2025-10-09 18:09:01,1582,ai 추천권,5000,0
1109,2025-10-03 16:34:00,1583,일주일 멤버십,30000,0
1110,2025-10-28 20:37:00,1588,일주일 멤버십,30000,0
1111,2025-10-28 20:40:50,1588,ai 추천권,5000,0
1112,2025-10-23 15:02:00,1594,일주일 멤버십,30000,0
1113,2025-10-02 20:05:00,1595,일주일 멤버십,30000,0
1114,2025-10-22 05:24:00,1597,한달 멤버십,100000,0
1115,2025-10-11 10:18:00,1598,한달 멤버십,100000,0
1116,2025-10-31 03:53:00,1600,한달 멤버십,100000,0
1117,2025-10-26 12:39:00,1601,한달 멤버십,100000,0
1118,2025-10-19 09:00:00,1603,일주일 멤버십,30000,0
1119,2025-10-19 09:00:43,1603,ai 추천권,5000,0
1120,2025-10-09 12:24:00,1605,일주일 멤버십,30000,0
1121,2025-10-24 21:03:00,1610,일주일 멤버십,30000,0
1122,2025-10-24 21:05:08,1610,ai 추천권,5000,0
1123,2025-10-25 11:06:00,1614,일주일 멤버십,30000,0
1124,2025-10-25 11:08:53,1614,ai 추천권,5000,0
1125,2025-10-25 23:05:00,1615,일주일 멤버십,30000,0
1126,2025-10-25 23:05:01,1615,ai 추천권,5000,0
1127,2025-10-16 10:25:00,1617,일주일 멤버십,30000,0
1128,2025-10-16 10:29:24,1617,ai 추천권,5000,0
1129,2025-10-14 08:42:00,1618,일주일 멤버십,30000,0
1130,2025-10-07 13:25:00,1622,일주일 멤버십,30000,0
1131,2025-10-07 13:25:07,1622,ai 추천권,5000,0
1132,2025-10-31 19:51:00,1623,일주일 멤버십,30000,0
1133,2025-10-04 21:23:00,1628,일주일 멤버십,30000,0
1134,2025-10-04 21:27:41,1628,ai 추천권,5000,0
1135,2025-10-11 05:47:00,1629,일주일 멤버십,30000,0
1136,2025-10-28 03:41:00,1631,한달 멤버십,100000,0
1137,2025-10-20 08:32:00,1634,일주일 멤버십,30000,0
1138,2025-10-20 08:32:57,1634,ai 추천권,5000,0
1139,2025-10-07 16:23:00,1635,한달 멤버십,100000,0
1140,2025-10-28 05:26:00,1639,일주일 멤버십,30000,0
1141,2025-10-28 05:26:03,1639,ai 추천권,5000,0
1142,2025-10-29 01:09:00,1643,일주일 멤버십,30000,0
1143,2025-10-29 01:13:20,1643,ai 추천권,5000,0
1144,2025-10-26 19:07:00,1654,일주일 멤버십,30000,0
1145,2025-10-26 19:10:18,1654,ai 추천권,5000,0
1146,2025-10-04 10:12:00,1661,일주일 멤버십,30000,0
1147,2025-10-07 01:33:00,1664,일주일 멤버십,30000,0
1148,2025-10-07 01:34:11,1664,ai 추천권,5000,0
1149,2025-10-27 17:49:00,1665,일주일 멤버십,30000,0
1150,2025-10-27 17:51:01,1665,ai 추천권,5000,0
1151,2025-10-30 22:00:00,1666,일주일 멤버십,30000,0
1152,2025-10-30 22:01:16,1666,ai 추천권,5000,0
1153,2025-10-25 05:00:00,1673,일주일 멤버십,30000,0
1154,2025-10-15 01:52:00,1678,일주일 멤버십,30000,0
1155,2025-10-15 01:55:18,1678,ai 추천권,5000,0
1156,2025-10-20 23:12:00,1679,한달 멤버십,100000,0
1157,2025-10-29 15:31:00,1690,일주일 멤버십,30000,0
1158,2025-10-11 05:50:00,1691,일주일 멤버십,30000,0
1159,2025-10-11 05:50:27,1691,ai 추천권,5000,0
1160,2025-10-23 01:56:00,1692,한달 멤버십,100000,0
1161,2025-10-26 19:45:00,1695,일주일 멤버십,30000,0
1162,2025-10-26 04:22:00,1697,한달 멤버십,100000,0
1163,2025-10-10 02:27:00,1698,일주일 멤버십,30000,0
1164,2025-10-10 02:31:33,1698,ai 추천권,5000,0
1165,2025-10-28 13:48:00,1700,일주일 멤버십,30000,0
1166,2025-10-28 13:50:00,1700,ai 추천권,5000,0
