id,timestamp,user_id,gender,birth,signup_month
1,2025-05-21 03:01:00,1,F,1999,2025-05
2,2025-05-08 07:08:00,2,F,1997,2025-05
3,2025-05-22 23:57:00,3,M,1996,2025-05
4,2025-05-19 13:02:00,4,M,1999,2025-05
5,2025-05-07 07:32:00,5,M,1994,2025-05
6,2025-05-18 06:45:00,6,M,1994,2025-05
7,2025-05-18 13:14:00,7,M,1999,2025-05
8,2025-05-09 00:48:00,8,F,2000,2025-05
9,2025-05-23 13:21:00,9,M,1993,2025-05
10,2025-05-07 10:06:00,10,M,1996,2025-05
11,2025-05-04 11:54:00,11,M,1993,2025-05
12,2025-05-09 01:46:00,12,M,1993,2025-05
13,2025-05-04 12:05:00,13,M,1995,2025-05
14,2025-05-27 20:39:00,14,F,1992,2025-05
15,2025-05-12 18:12:00,15,F,1992,2025-05
16,2025-05-02 21:14:00,16,F,1996,2025-05
17,2025-05-03 07:55:00,17,M,1991,2025-05
18,2025-05-09 14:40:00,18,F,1998,2025-05
19,2025-05-06 11:22:00,19,M,1992,2025-05
20,2025-05-09 22:59:00,20,F,1993,2025-05
21,2025-05-03 19:40:00,21,M,1999,2025-05
22,2025-05-24 07:10:00,22,M,1994,2025-05
23,2025-05-09 20:44:00,23,M,1995,2025-05
24,2025-05-22 10:53:00,24,F,1993,2025-05
25,2025-05-02 07:52:00,25,M,1993,2025-05
26,2025-05-11 12:17:00,26,M,1995,2025-05
27,2025-05-30 18:56:00,27,F,1994,2025-05
28,2025-05-07 20:31:00,28,M,1996,2025-05
29,2025-05-30 20:29:00,29,M,1993,2025-05
30,2025-05-05 07:47:00,30,M,1994,2025-05
31,2025-05-09 23:37:00,31,M,1993,2025-05
32,2025-05-19 12:23:00,32,M,2000,2025-05
33,2025-05-05 16:31:00,33,M,1994,2025-05
34,2025-05-02 03:09:00,34,M,1991,2025-05
35,2025-05-26 21:27:00,35,M,1997,2025-05
36,2025-05-13 12:38:00,36,F,1994,2025-05
37,2025-05-17 08:35:00,37,F,1998,2025-05
38,2025-05-01 21:46:00,38,M,1989,2025-05
39,2025-05-29 17:48:00,39,M,1991,2025-05
40,2025-05-21 10:07:00,40,M,1995,2025-05
41,2025-05-06 14:00:00,41,F,2000,2025-05
42,2025-05-29 23:16:00,42,F,1998,2025-05
43,2025-05-25 05:32:00,43,F,1997,2025-05
44,2025-05-28 20:19:00,44,F,1997,2025-05
45,2025-05-17 19:12:00,45,M,1990,2025-05
46,2025-05-25 05:34:00,46,F,1995,2025-05
47,2025-05-30 16:58:00,47,M,1993,2025-05
48,2025-05-11 15:01:00,48,M,1998,2025-05
49,2025-05-12 09:15:00,49,M,1996,2025-05
50,2025-05-29 18:05:00,50,M,1989,2025-05
51,2025-05-16 02:48:00,51,M,1995,2025-05
52,2025-05-05 04:42:00,52,M,1993,2025-05
53,2025-05-18 05:16:00,53,M,1992,2025-05
54,2025-05-20 13:13:00,54,F,1999,2025-05
55,2025-05-25 23:44:00,55,M,1998,2025-05
56,2025-05-10 12:42:00,56,M,1997,2025-05
57,2025-05-15 16:28:00,57,M,1992,2025-05
58,2025-05-08 02:21:00,58,M,1994,2025-05
59,2025-05-18 07:37:00,59,M,1995,2025-05
60,2025-05-03 22:40:00,60,M,1997,2025-05
61,2025-05-03 01:55:00,61,M,1993,2025-05
62,2025-05-17 07:17:00,62,F,1997,2025-05
63,2025-05-07 17:08:00,63,F,1994,2025-05
64,2025-05-29 18:36:00,64,M,1991,2025-05
65,2025-05-26 15:51:00,65,M,1997,2025-05
66,2025-05-04 03:42:00,66,M,1999,2025-05
67,2025-05-14 13:29:00,67,F,1997,2025-05
68,2025-05-02 21:41:00,68,F,2001,2025-05
69,2025-05-04 01:25:00,69,F,1999,2025-05
70,2025-05-26 03:15:00,70,M,1993,2025-05
71,2025-05-18 14:08:00,71,M,1996,2025-05
72,2025-05-09 14:15:00,72,F,2002,2025-05
73,2025-05-03 14:51:00,73,F,1997,2025-05
74,2025-05-18 03:03:00,74,M,1999,2025-05
75,2025-05-18 00:05:00,75,F,1990,2025-05
76,2025-05-28 07:10:00,76,M,1997,2025-05
77,2025-05-16 06:55:00,77,M,1995,2025-05
78,2025-05-02 05:24:00,78,M,1994,2025-05
79,2025-05-13 08:59:00,79,F,1998,2025-05
80,2025-05-15 09:27:00,80,F,1992,2025-05
81,2025-05-24 17:42:00,81,F,1997,2025-05
82,2025-05-05 06:18:00,82,M,1996,2025-05
83,2025-05-02 18:47:00,83,M,1999,2025-05
84,2025-05-24 10:03:00,84,M,1993,2025-05
85,2025-05-16 16:58:00,85,F,1995,2025-05
86,2025-05-06 01:32:00,86,M,1993,2025-05
87,2025-05-06 02:38:00,87,M,1997,2025-05
88,2025-05-28 07:25:00,88,M,1995,2025-05
89,2025-05-29 18:15:00,89,M,1993,2025-05
90,2025-05-02 19:05:00,90,M,1996,2025-05
91,2025-05-19 18:33:00,91,M,1995,2025-05
92,2025-05-09 06:42:00,92,F,2000,2025-05
93,2025-05-08 08:25:00,93,M,1992,2025-05
94,2025-05-21 09:29:00,94,M,1994,2025-05
95,2025-05-25 02:00:00,95,M,1993,2025-05
96,2025-05-19 03:04:00,96,M,1990,2025-05
97,2025-05-17 08:08:00,97,F,1998,2025-05
98,2025-05-29 02:56:00,98,M,1995,2025-05
99,2025-05-10 05:28:00,99,F,1998,2025-05
100,2025-05-23 09:39:00,100,F,1997,2025-05
101,2025-05-26 20:33:00,101,M,1990,2025-05
102,2025-05-27 17:19:00,102,F,1996,2025-05
103,2025-05-04 04:16:00,103,M,1993,2025-05
104,2025-05-04 23:35:00,104,M,1992,2025-05
105,2025-05-10 19:13:00,105,F,1997,2025-05
106,2025-05-07 21:40:00,106,F,1999,2025-05
107,2025-05-17 15:16:00,107,F,2003,2025-05
108,2025-05-28 01:05:00,108,M,1995,2025-05
109,2025-05-27 08:02:00,109,M,1995,2025-05
110,2025-05-25 04:40:00,110,F,1997,2025-05
111,2025-05-06 23:28:00,111,M,1989,2025-05
112,2025-05-14 17:00:00,112,M,1994,2025-05
113,2025-05-31 22:57:00,113,M,1995,2025-05
114,2025-05-02 11:37:00,114,M,2002,2025-05
115,2025-05-14 04:02:00,115,M,1994,2025-05
116,2025-05-29 01:57:00,116,M,1995,2025-05
117,2025-05-22 07:42:00,117,M,1994,2025-05
118,2025-05-25 17:56:00,118,F,1994,2025-05
119,2025-05-20 23:09:00,119,F,2001,2025-05
120,2025-05-08 05:51:00,120,F,2000,2025-05
121,2025-05-29 13:01:00,121,M,1997,2025-05
122,2025-05-30 10:50:00,122,F,1995,2025-05
123,2025-05-26 21:55:00,123,F,2002,2025-05
124,2025-05-08 08:10:00,124,F,1993,2025-05
125,2025-05-04 12:55:00,125,M,1996,2025-05
126,2025-05-16 07:12:00,126,F,2004,2025-05
127,2025-05-15 11:19:00,127,F,1995,2025-05
128,2025-05-28 07:14:00,128,M,1993,2025-05
129,2025-05-07 12:21:00,129,M,1995,2025-05
130,2025-05-03 08:22:00,130,M,1993,2025-05
131,2025-05-13 21:53:00,131,M,1990,2025-05
132,2025-05-31 00:07:00,132,F,1998,2025-05
133,2025-05-09 05:37:00,133,F,1994,2025-05
134,2025-05-09 01:06:00,134,M,1996,2025-05
135,2025-05-12 23:50:00,135,M,1992,2025-05
136,2025-05-20 16:07:00,136,M,1999,2025-05
137,2025-05-19 06:16:00,137,M,1992,2025-05
138,2025-05-14 00:33:00,138,F,1997,2025-05
139,2025-05-18 21:46:00,139,F,2000,2025-05
140,2025-05-24 21:12:00,140,M,1991,2025-05
141,2025-05-03 21:58:00,141,M,1995,2025-05
142,2025-05-11 21:54:00,142,M,1998,2025-05
143,2025-05-29 09:32:00,143,M,1990,2025-05
144,2025-05-14 10:25:00,144,F,1998,2025-05
145,2025-05-18 04:12:00,145,M,1995,2025-05
146,2025-05-31 12:43:00,146,F,2000,2025-05
147,2025-05-06 19:36:00,147,M,1991,2025-05
148,2025-05-18 00:19:00,148,M,1991,2025-05
149,2025-05-14 18:38:00,149,M,1996,2025-05
150,2025-05-15 14:28:00,150,F,1998,2025-05
151,2025-05-17 15:50:00,151,F,1998,2025-05
152,2025-05-26 23:10:00,152,M,1996,2025-05
153,2025-05-10 16:42:00,153,M,1992,2025-05
154,2025-05-11 02:52:00,154,F,1998,2025-05
155,2025-05-08 21:19:00,155,M,1995,2025-05
156,2025-05-07 04:01:00,156,M,1992,2025-05
157,2025-05-16 19:54:00,157,F,2003,2025-05
158,2025-05-15 13:56:00,158,M,1996,2025-05
159,2025-05-07 22:44:00,159,M,1991,2025-05
160,2025-05-13 07:09:00,160,M,1996,2025-05
161,2025-05-01 03:49:00,161,M,1992,2025-05
162,2025-05-06 22:33:00,162,M,1997,2025-05
163,2025-05-18 07:58:00,163,F,2001,2025-05
164,2025-05-15 04:51:00,164,M,1992,2025-05
165,2025-05-17 17:38:00,165,M,1997,2025-05
166,2025-05-25 14:39:00,166,F,1999,2025-05
167,2025-05-29 16:27:00,167,F,2000,2025-05
168,2025-05-18 14:57:00,168,M,2000,2025-05
169,2025-05-28 15:28:00,169,M,1994,2025-05
170,2025-05-08 20:17:00,170,F,1995,2025-05
171,2025-05-17 15:40:00,171,M,1992,2025-05
172,2025-05-15 02:45:00,172,M,1992,2025-05
173,2025-05-09 10:20:00,173,F,1997,2025-05
174,2025-05-03 04:09:00,174,M,1996,2025-05
175,2025-05-23 04:45:00,175,M,1995,2025-05
176,2025-05-14 13:21:00,176,M,1997,2025-05
177,2025-05-14 01:13:00,177,F,1998,2025-05
178,2025-05-13 18:44:00,178,M,1999,2025-05
179,2025-05-29 18:24:00,179,M,1994,2025-05
180,2025-05-31 11:19:00,180,F,2006,2025-05
181,2025-05-28 13:34:00,181,F,1999,2025-05
182,2025-05-18 19:57:00,182,M,1992,2025-05
183,2025-05-08 08:27:00,183,M,1991,2025-05
184,2025-05-13 10:42:00,184,F,1999,2025-05
185,2025-05-13 23:10:00,185,F,1997,2025-05
186,2025-05-30 04:39:00,186,M,1997,2025-05
187,2025-05-30 12:37:00,187,M,1996,2025-05
188,2025-05-01 02:41:00,188,M,1994,2025-05
189,2025-05-28 14:11:00,189,M,1992,2025-05
190,2025-05-13 10:13:00,190,M,1990,2025-05
191,2025-05-11 12:17:00,191,F,1996,2025-05
192,2025-05-27 13:16:00,192,F,2000,2025-05
193,2025-05-16 00:47:00,193,M,1995,2025-05
194,2025-05-31 11:14:00,194,M,1991,2025-05
195,2025-05-25 20:02:00,195,F,1998,2025-05
196,2025-05-31 07:12:00,196,F,1999,2025-05
197,2025-05-20 04:15:00,197,M,1992,2025-05
198,2025-05-22 03:36:00,198,F,1998,2025-05
199,2025-05-15 22:16:00,199,F,1998,2025-05
200,2025-05-06 19:38:00,200,F,1994,2025-05
201,2025-05-23 03:49:00,201,F,1999,2025-05
202,2025-05-31 09:06:00,202,M,1996,2025-05
203,2025-05-30 09:36:00,203,F,2001,2025-05
204,2025-05-31 12:25:00,204,F,2001,2025-05
205,2025-05-07 02:37:00,205,F,1993,2025-05
206,2025-05-21 07:06:00,206,F,1995,2025-05
207,2025-05-10 21:38:00,207,F,1999,2025-05
208,2025-05-26 18:50:00,208,M,1996,2025-05
209,2025-05-18 13:42:00,209,M,1996,2025-05
210,2025-05-17 20:21:00,210,M,2006,2025-05
211,2025-05-14 15:06:00,211,M,1996,2025-05
212,2025-05-12 20:57:00,212,F,2001,2025-05
213,2025-05-23 04:27:00,213,M,1997,2025-05
214,2025-05-17 20:17:00,214,M,1996,2025-05
215,2025-05-30 17:49:00,215,M,1994,2025-05
216,2025-05-14 23:37:00,216,M,1997,2025-05
217,2025-05-28 07:53:00,217,F,1995,2025-05
218,2025-05-09 14:15:00,218,F,1997,2025-05
219,2025-05-19 19:42:00,219,M,1993,2025-05
220,2025-05-01 15:54:00,220,M,1995,2025-05
221,2025-05-16 06:22:00,221,F,2004,2025-05
222,2025-05-11 08:56:00,222,M,1989,2025-05
223,2025-05-29 08:35:00,223,M,1997,2025-05
224,2025-05-31 06:05:00,224,M,1990,2025-05
225,2025-05-14 15:35:00,225,F,1996,2025-05
226,2025-05-23 15:41:00,226,F,2001,2025-05
227,2025-05-15 00:05:00,227,M,1995,2025-05
228,2025-05-13 22:15:00,228,M,1991,2025-05
229,2025-05-19 11:30:00,229,M,1992,2025-05
230,2025-05-12 13:47:00,230,M,1997,2025-05
231,2025-05-12 22:29:00,231,M,1992,2025-05
232,2025-05-09 07:07:00,232,F,1998,2025-05
233,2025-05-11 03:47:00,233,M,1995,2025-05
234,2025-05-25 22:11:00,234,M,1993,2025-05
235,2025-05-24 15:17:00,235,F,2004,2025-05
236,2025-05-25 16:38:00,236,M,1996,2025-05
237,2025-05-04 06:18:00,237,M,1988,2025-05
238,2025-05-06 09:00:00,238,F,1998,2025-05
239,2025-05-05 08:02:00,239,F,1996,2025-05
240,2025-05-18 09:44:00,240,F,2000,2025-05
241,2025-05-21 15:06:00,241,F,1995,2025-05
242,2025-05-19 09:30:00,242,M,1994,2025-05
243,2025-05-11 05:03:00,243,M,1996,2025-05
244,2025-05-28 15:07:00,244,F,2000,2025-05
245,2025-05-13 15:04:00,245,M,1991,2025-05
246,2025-05-22 01:09:00,246,M,1993,2025-05
247,2025-05-19 09:05:00,247,F,1996,2025-05
248,2025-05-04 17:48:00,248,M,1993,2025-05
249,2025-05-20 19:14:00,249,F,2003,2025-05
250,2025-05-13 14:58:00,250,M,1996,2025-05
251,2025-05-28 18:27:00,251,M,1991,2025-05
252,2025-05-20 01:39:00,252,F,2000,2025-05
253,2025-05-04 06:40:00,253,M,2001,2025-05
254,2025-05-22 02:10:00,254,M,1998,2025-05
255,2025-05-18 02:10:00,255,M,1990,2025-05
256,2025-05-15 22:38:00,256,M,1993,2025-05
257,2025-05-02 07:18:00,257,F,2001,2025-05
258,2025-05-23 14:04:00,258,F,1995,2025-05
259,2025-05-30 08:50:00,259,F,1999,2025-05
260,2025-05-19 21:51:00,260,F,2000,2025-05
261,2025-05-14 03:34:00,261,M,1992,2025-05
262,2025-05-05 08:52:00,262,M,1994,2025-05
263,2025-05-02 05:50:00,263,M,1985,2025-05
264,2025-05-24 18:58:00,264,M,1991,2025-05
265,2025-05-04 14:44:00,265,M,1994,2025-05
266,2025-05-13 08:32:00,266,M,1991,2025-05
267,2025-05-15 02:38:00,267,M,1999,2025-05
268,2025-05-14 23:20:00,268,M,1990,2025-05
269,2025-05-01 02:14:00,269,F,1996,2025-05
270,2025-05-27 18:37:00,270,F,1998,2025-05
271,2025-05-25 21:52:00,271,M,1999,2025-05
272,2025-05-02 05:30:00,272,M,1990,2025-05
273,2025-05-15 08:11:00,273,F,2001,2025-05
274,2025-05-14 20:52:00,274,M,1995,2025-05
275,2025-05-03 15:22:00,275,M,1992,2025-05
276,2025-05-11 21:06:00,276,F,1999,2025-05
277,2025-05-11 13:44:00,277,M,1995,2025-05
278,2025-05-22 12:52:00,278,F,1996,2025-05
279,2025-05-02 14:05:00,279,M,1995,2025-05
280,2025-05-11 03:49:00,280,M,1993,2025-05
281,2025-05-17 00:42:00,281,F,1998,2025-05
282,2025-05-15 13:03:00,282,M,1996,2025-05
283,2025-05-12 19:48:00,283,M,1999,2025-05
284,2025-05-15 01:13:00,284,M,1991,2025-05
285,2025-05-05 09:28:00,285,F,2004,2025-05
286,2025-05-16 03:01:00,286,F,1992,2025-05
287,2025-05-20 07:45:00,287,M,1994,2025-05
288,2025-05-18 00:35:00,288,M,1996,2025-05
289,2025-05-08 03:29:00,289,F,1998,2025-05
290,2025-05-21 04:31:00,290,F,1996,2025-05
291,2025-05-10 16:45:00,291,M,1994,2025-05
292,2025-05-27 15:30:00,292,M,1993,2025-05
293,2025-05-18 04:24:00,293,M,1993,2025-05
294,2025-05-20 16:47:00,294,F,2000,2025-05
295,2025-05-28 02:17:00,295,F,1999,2025-05
296,2025-05-28 13:21:00,296,F,1995,2025-05
297,2025-05-17 08:52:00,297,M,1997,2025-05
298,2025-05-24 09:53:00,298,M,1995,2025-05
299,2025-05-22 15:55:00,299,M,1997,2025-05
300,2025-05-18 15:22:00,300,M,1996,2025-05
301,2025-06-25 17:24:00,301,M,1992,2025-06
302,2025-06-11 06:44:00,302,M,1993,2025-06
303,2025-06-13 07:54:00,303,F,2000,2025-06
304,2025-06-02 10:47:00,304,M,1996,2025-06
305,2025-06-30 12:24:00,305,F,1997,2025-06
306,2025-06-26 20:09:00,306,M,1995,2025-06
307,2025-06-02 04:32:00,307,F,2001,2025-06
308,2025-06-11 03:55:00,308,F,1996,2025-06
309,2025-06-04 16:58:00,309,M,1996,2025-06
310,2025-06-24 04:26:00,310,F,1997,2025-06
311,2025-06-05 02:30:00,311,F,1997,2025-06
312,2025-06-09 10:39:00,312,F,2001,2025-06
313,2025-06-21 02:54:00,313,M,1997,2025-06
314,2025-06-22 17:24:00,314,F,2000,2025-06
315,2025-06-21 22:56:00,315,F,2001,2025-06
316,2025-06-28 17:02:00,316,M,1995,2025-06
317,2025-06-08 20:43:00,317,F,2000,2025-06
318,2025-06-08 23:05:00,318,M,1994,2025-06
319,2025-06-04 20:45:00,319,F,1998,2025-06
320,2025-06-15 05:44:00,320,M,1994,2025-06
321,2025-06-01 01:20:00,321,F,1998,2025-06
322,2025-06-10 11:23:00,322,M,1996,2025-06
323,2025-06-08 16:26:00,323,M,1992,2025-06
324,2025-06-26 05:10:00,324,M,2001,2025-06
325,2025-06-20 12:39:00,325,F,1994,2025-06
326,2025-06-16 18:09:00,326,M,1991,2025-06
327,2025-06-21 08:29:00,327,M,1998,2025-06
328,2025-06-01 14:57:00,328,M,1997,2025-06
329,2025-06-18 05:04:00,329,M,1996,2025-06
330,2025-06-12 18:19:00,330,M,1996,2025-06
331,2025-06-14 22:16:00,331,M,1994,2025-06
332,2025-06-10 06:24:00,332,F,1995,2025-06
333,2025-06-04 07:24:00,333,M,1995,2025-06
334,2025-06-19 09:44:00,334,M,1992,2025-06
335,2025-06-27 21:25:00,335,M,1997,2025-06
336,2025-06-19 21:49:00,336,F,1997,2025-06
337,2025-06-02 19:47:00,337,M,1992,2025-06
338,2025-06-29 09:49:00,338,F,1997,2025-06
339,2025-06-20 11:14:00,339,M,1996,2025-06
340,2025-06-20 08:43:00,340,F,1996,2025-06
341,2025-06-25 21:43:00,341,F,1995,2025-06
342,2025-06-21 03:57:00,342,M,1995,2025-06
343,2025-06-02 09:50:00,343,M,1995,2025-06
344,2025-06-19 11:46:00,344,M,1993,2025-06
345,2025-06-30 09:20:00,345,F,1996,2025-06
346,2025-06-06 06:08:00,346,F,1998,2025-06
347,2025-06-29 11:33:00,347,M,1990,2025-06
348,2025-06-09 05:16:00,348,F,1993,2025-06
349,2025-06-16 09:47:00,349,F,1995,2025-06
350,2025-06-26 03:29:00,350,F,1997,2025-06
351,2025-06-05 07:55:00,351,F,1998,2025-06
352,2025-06-22 12:54:00,352,F,2002,2025-06
353,2025-06-12 02:50:00,353,M,1997,2025-06
354,2025-06-09 17:07:00,354,M,1994,2025-06
355,2025-06-22 23:43:00,355,M,1994,2025-06
356,2025-06-13 20:23:00,356,M,1991,2025-06
357,2025-06-08 15:01:00,357,M,1994,2025-06
358,2025-06-18 10:58:00,358,M,1994,2025-06
359,2025-06-21 02:40:00,359,F,1998,2025-06
360,2025-06-30 22:19:00,360,M,1992,2025-06
361,2025-06-04 04:02:00,361,F,1999,2025-06
362,2025-06-10 15:07:00,362,M,1999,2025-06
363,2025-06-29 17:08:00,363,M,1994,2025-06
364,2025-06-12 21:47:00,364,F,1999,2025-06
365,2025-06-18 13:37:00,365,F,2000,2025-06
366,2025-06-05 13:41:00,366,M,1993,2025-06
367,2025-06-16 19:26:00,367,F,1998,2025-06
368,2025-06-09 01:44:00,368,M,1995,2025-06
369,2025-06-15 14:15:00,369,F,1998,2025-06
370,2025-06-04 21:23:00,370,M,1992,2025-06
371,2025-06-21 11:03:00,371,M,1995,2025-06
372,2025-06-07 03:54:00,372,F,1999,2025-06
373,2025-06-03 21:13:00,373,M,1999,2025-06
374,2025-06-20 00:03:00,374,F,2000,2025-06
375,2025-06-08 04:50:00,375,M,2001,2025-06
376,2025-06-03 17:13:00,376,M,1992,2025-06
377,2025-06-27 07:21:00,377,F,2000,2025-06
378,2025-06-26 19:00:00,378,M,1995,2025-06
379,2025-06-05 04:34:00,379,M,2001,2025-06
380,2025-06-06 03:42:00,380,F,1995,2025-06
381,2025-06-05 00:22:00,381,F,1995,2025-06
382,2025-06-08 18:20:00,382,M,1993,2025-06
383,2025-06-09 01:08:00,383,F,1991,2025-06
384,2025-06-17 03:47:00,384,M,1993,2025-06
385,2025-06-15 11:32:00,385,M,1992,2025-06
386,2025-06-15 16:14:00,386,F,1998,2025-06
387,2025-06-02 23:50:00,387,F,1999,2025-06
388,2025-06-22 16:19:00,388,M,2000,2025-06
389,2025-06-01 01:30:00,389,F,2000,2025-06
390,2025-06-14 21:06:00,390,M,1993,2025-06
391,2025-06-30 14:04:00,391,F,1995,2025-06
392,2025-06-11 19:09:00,392,M,1996,2025-06
393,2025-06-09 19:40:00,393,M,1991,2025-06
394,2025-06-23 10:24:00,394,F,2003,2025-06
395,2025-06-17 09:29:00,395,M,1998,2025-06
396,2025-06-14 03:50:00,396,F,1996,2025-06
397,2025-06-28 20:41:00,397,F,1992,2025-06
398,2025-06-18 23:55:00,398,M,1999,2025-06
399,2025-06-15 07:26:00,399,M,1994,2025-06
400,2025-06-15 12:26:00,400,F,2001,2025-06
401,2025-06-11 13:20:00,401,M,1990,2025-06
402,2025-06-12 04:43:00,402,F,1996,2025-06
403,2025-06-03 02:53:00,403,M,1995,2025-06
404,2025-06-14 03:47:00,404,F,1998,2025-06
405,2025-06-26 04:35:00,405,M,1993,2025-06
406,2025-06-18 17:21:00,406,F,1999,2025-06
407,2025-06-14 11:55:00,407,M,1991,2025-06
408,2025-06-25 13:55:00,408,F,1997,2025-06
409,2025-06-02 09:38:00,409,M,1995,2025-06
410,2025-06-04 18:32:00,410,M,1996,2025-06
411,2025-06-22 15:14:00,411,F,2000,2025-06
412,2025-06-12 17:23:00,412,M,1991,2025-06
413,2025-06-09 18:14:00,413,F,1993,2025-06
414,2025-06-28 17:49:00,414,F,2001,2025-06
415,2025-06-20 21:41:00,415,M,1995,2025-06
416,2025-06-20 21:53:00,416,F,1995,2025-06
417,2025-06-01 05:17:00,417,F,2002,2025-06
418,2025-06-10 10:22:00,418,M,1995,2025-06
419,2025-06-28 04:36:00,419,M,1998,2025-06
420,2025-06-03 04:47:00,420,M,1995,2025-06
421,2025-06-01 02:47:00,421,M,2001,2025-06
422,2025-06-13 13:29:00,422,M,2000,2025-06
423,2025-06-12 09:46:00,423,M,1994,2025-06
424,2025-06-19 19:05:00,424,F,2000,2025-06
425,2025-06-05 05:48:00,425,M,1996,2025-06
426,2025-06-22 02:17:00,426,M,1999,2025-06
427,2025-06-14 15:38:00,427,M,1992,2025-06
428,2025-06-09 06:48:00,428,M,1997,2025-06
429,2025-06-12 13:07:00,429,M,1998,2025-06
430,2025-06-22 18:31:00,430,M,1989,2025-06
431,2025-06-10 01:14:00,431,M,1991,2025-06
432,2025-06-20 01:00:00,432,M,1988,2025-06
433,2025-06-07 04:48:00,433,M,1994,2025-06
434,2025-06-11 03:00:00,434,M,1997,2025-06
435,2025-06-14 05:08:00,435,M,1999,2025-06
436,2025-06-23 07:32:00,436,M,1995,2025-06
437,2025-06-22 11:04:00,437,M,1999,2025-06
438,2025-06-24 01:27:00,438,M,1990,2025-06
439,2025-06-30 02:55:00,439,M,1989,2025-06
440,2025-06-14 18:25:00,440,F,1997,2025-06
441,2025-06-14 09:07:00,441,M,1996,2025-06
442,2025-06-11 05:51:00,442,F,1997,2025-06
443,2025-06-15 22:58:00,443,M,1988,2025-06
444,2025-06-14 03:15:00,444,M,1994,2025-06
445,2025-06-13 16:05:00,445,M,1991,2025-06
446,2025-06-10 23:21:00,446,M,1997,2025-06
447,2025-06-25 05:04:00,447,M,1996,2025-06
448,2025-06-04 16:32:00,448,M,1992,2025-06
449,2025-06-25 11:22:00,449,F,1996,2025-06
450,2025-06-27 20:52:00,450,M,1991,2025-06
451,2025-06-04 04:16:00,451,M,1994,2025-06
452,2025-06-20 04:48:00,452,F,2000,2025-06
453,2025-06-03 05:49:00,453,M,1992,2025-06
454,2025-06-15 18:48:00,454,M,1996,2025-06
455,2025-06-22 18:41:00,455,M,1993,2025-06
456,2025-06-20 10:55:00,456,F,1995,2025-06
457,2025-06-11 04:28:00,457,M,1994,2025-06
458,2025-06-15 20:19:00,458,F,1994,2025-06
459,2025-06-19 01:22:00,459,M,1993,2025-06
460,2025-06-10 14:28:00,460,M,1991,2025-06
461,2025-06-12 09:04:00,461,M,2000,2025-06
462,2025-06-28 02:39:00,462,M,1995,2025-06
463,2025-06-13 14:37:00,463,M,1992,2025-06
464,2025-06-26 23:57:00,464,M,1995,2025-06
465,2025-06-30 18:41:00,465,M,1994,2025-06
466,2025-06-20 15:32:00,466,M,1994,2025-06
467,2025-06-02 14:06:00,467,F,1999,2025-06
468,2025-06-27 10:45:00,468,M,1997,2025-06
469,2025-06-21 05:02:00,469,M,1993,2025-06
470,2025-06-15 14:33:00,470,M,1993,2025-06
471,2025-06-06 11:23:00,471,F,1997,2025-06
472,2025-06-13 13:49:00,472,M,1988,2025-06
473,2025-06-20 01:50:00,473,M,1990,2025-06
474,2025-06-11 02:21:00,474,M,1999,2025-06
475,2025-06-22 12:18:00,475,M,1999,2025-06
476,2025-06-28 21:58:00,476,M,1994,2025-06
477,2025-06-05 10:05:00,477,M,1996,2025-06
478,2025-06-05 11:19:00,478,F,1998,2025-06
479,2025-06-23 21:25:00,479,M,2004,2025-06
480,2025-06-23 02:19:00,480,M,1998,2025-06
481,2025-06-21 10:52:00,481,M,1994,2025-06
482,2025-06-23 23:43:00,482,F,1995,2025-06
483,2025-06-03 20:42:00,483,M,1990,2025-06
484,2025-06-12 00:23:00,484,M,1995,2025-06
485,2025-06-07 10:49:00,485,M,1992,2025-06
486,2025-06-08 04:09:00,486,M,1990,2025-06
487,2025-06-28 03:32:00,487,F,1996,2025-06
488,2025-06-27 23:56:00,488,M,1991,2025-06
489,2025-06-22 10:56:00,489,F,2003,2025-06
490,2025-06-05 19:24:00,490,M,1997,2025-06
491,2025-06-06 22:49:00,491,M,1994,2025-06
492,2025-06-29 05:46:00,492,M,1999,2025-06
493,2025-06-14 11:43:00,493,F,1998,2025-06
494,2025-06-15 19:18:00,494,F,1995,2025-06
495,2025-06-26 14:14:00,495,M,1999,2025-06
496,2025-06-10 15:57:00,496,F,1999,2025-06
497,2025-06-12 21:36:00,497,F,1994,2025-06
498,2025-06-15 09:49:00,498,M,1994,2025-06
499,2025-06-17 13:10:00,499,F,1995,2025-06
500,2025-06-26 19:08:00,500,F,1993,2025-06
501,2025-06-02 20:30:00,501,F,2000,2025-06
502,2025-06-18 03:45:00,502,F,2003,2025-06
503,2025-06-28 03:18:00,503,M,1990,2025-06
504,2025-06-06 08:28:00,504,F,1999,2025-06
505,2025-06-05 13:05:00,505,F,1996,2025-06
506,2025-06-08 14:56:00,506,M,1993,2025-06
507,2025-06-01 13:03:00,507,M,1993,2025-06
508,2025-06-12 07:24:00,508,F,1995,2025-06
509,2025-06-12 07:01:00,509,M,1995,2025-06
510,2025-06-04 22:41:00,510,M,1992,2025-06
511,2025-06-05 04:02:00,511,M,1995,2025-06
512,2025-06-27 15:44:00,512,F,1997,2025-06
513,2025-06-25 22:30:00,513,M,1994,2025-06
514,2025-06-01 02:01:00,514,M,1992,2025-06
515,2025-06-27 04:35:00,515,F,1996,2025-06
516,2025-06-20 16:27:00,516,M,1997,2025-06
517,2025-06-10 07:19:00,517,M,1996,2025-06
518,2025-06-08 13:40:00,518,F,1995,2025-06
519,2025-06-15 02:07:00,519,F,1998,2025-06
520,2025-06-16 19:34:00,520,M,1997,2025-06
521,2025-06-17 18:15:00,521,F,1992,2025-06
522,2025-06-10 13:00:00,522,M,1996,2025-06
523,2025-06-08 18:26:00,523,M,1993,2025-06
524,2025-06-22 02:33:00,524,F,1999,2025-06
525,2025-06-03 16:34:00,525,M,1992,2025-06
526,2025-06-17 17:01:00,526,M,1989,2025-06
527,2025-06-16 01:40:00,527,M,1990,2025-06
528,2025-06-12 08:47:00,528,M,1995,2025-06
529,2025-06-26 02:22:00,529,M,1995,2025-06
530,2025-06-22 20:06:00,530,F,1995,2025-06
531,2025-06-24 10:08:00,531,M,1996,2025-06
532,2025-06-18 10:52:00,532,M,1990,2025-06
533,2025-06-27 21:29:00,533,F,1997,2025-06
534,2025-06-16 20:11:00,534,F,1994,2025-06
535,2025-06-03 22:49:00,535,F,1996,2025-06
536,2025-06-02 09:12:00,536,M,1995,2025-06
537,2025-06-07 01:20:00,537,F,1995,2025-06
538,2025-06-17 12:52:00,538,M,1993,2025-06
539,2025-06-09 01:48:00,539,M,1998,2025-06
540,2025-06-10 11:55:00,540,F,1996,2025-06
541,2025-06-28 20:21:00,541,M,1997,2025-06
542,2025-06-26 11:27:00,542,F,1994,2025-06
543,2025-06-24 14:57:00,543,F,1999,2025-06
544,2025-06-11 05:31:00,544,F,2002,2025-06
545,2025-06-12 16:17:00,545,F,1990,2025-06
546,2025-06-24 13:05:00,546,M,1992,2025-06
547,2025-06-27 05:34:00,547,M,1996,2025-06
548,2025-06-04 02:20:00,548,M,1994,2025-06
549,2025-06-10 14:38:00,549,F,1999,2025-06
550,2025-06-06 22:28:00,550,M,1993,2025-06
551,2025-06-02 23:55:00,551,F,1998,2025-06
552,2025-06-20 13:17:00,552,M,1994,2025-06
553,2025-06-26 01:04:00,553,F,2001,2025-06
554,2025-06-13 11:32:00,554,F,1998,2025-06
555,2025-06-22 05:01:00,555,M,1996,2025-06
556,2025-06-20 21:50:00,556,M,1993,2025-06
557,2025-06-05 02:15:00,557,F,1996,2025-06
558,2025-06-12 11:24:00,558,F,1996,2025-06
559,2025-06-02 19:09:00,559,F,1999,2025-06
560,2025-06-12 11:28:00,560,F,1996,2025-06
561,2025-06-19 04:33:00,561,M,1995,2025-06
562,2025-06-11 20:17:00,562,M,2001,2025-06
563,2025-06-04 00:47:00,563,M,1997,2025-06
564,2025-06-17 12:58:00,564,M,1994,2025-06
565,2025-06-09 08:45:00,565,M,1998,2025-06
566,2025-06-20 09:44:00,566,F,1996,2025-06
567,2025-06-16 06:07:00,567,M,1988,2025-06
568,2025-06-03 14:11:00,568,F,1994,2025-06
569,2025-06-15 02:51:00,569,F,1992,2025-06
570,2025-06-28 10:42:00,570,M,1993,2025-06
571,2025-06-03 17:34:00,571,M,1995,2025-06
572,2025-06-10 05:45:00,572,F,2003,2025-06
573,2025-06-23 20:11:00,573,F,1998,2025-06
574,2025-06-17 07:07:00,574,F,1997,2025-06
575,2025-06-26 04:15:00,575,F,2000,2025-06
576,2025-06-01 11:35:00,576,M,1988,2025-06
577,2025-06-15 17:08:00,577,M,1995,2025-06
578,2025-06-03 02:19:00,578,M,1997,2025-06
579,2025-06-23 23:30:00,579,M,1990,2025-06
580,2025-06-25 13:52:00,580,M,1998,2025-06
581,2025-06-05 10:41:00,581,M,1996,2025-06
582,2025-06-15 21:33:00,582,M,1993,2025-06
583,2025-06-29 17:40:00,583,M,1996,2025-06
584,2025-06-25 04:27:00,584,M,2001,2025-06
585,2025-06-28 01:53:00,585,M,1995,2025-06
586,2025-06-05 09:10:00,586,M,1995,2025-06
587,2025-06-30 22:14:00,587,M,1993,2025-06
588,2025-06-17 09:54:00,588,M,1992,2025-06
589,2025-06-07 20:35:00,589,M,1997,2025-06
590,2025-06-21 09:39:00,590,M,1992,2025-06
591,2025-06-17 20:10:00,591,M,1995,2025-06
592,2025-06-19 04:10:00,592,M,1993,2025-06
593,2025-06-24 19:21:00,593,F,1999,2025-06
594,2025-06-19 01:52:00,594,F,1999,2025-06
595,2025-06-03 01:41:00,595,F,2001,2025-06
596,2025-06-09 20:13:00,596,F,1996,2025-06
597,2025-06-14 19:40:00,597,M,1994,2025-06
598,2025-06-29 20:34:00,598,M,1992,2025-06
599,2025-06-10 15:15:00,599,F,1996,2025-06
600,2025-06-22 12:19:00,600,M,1996,2025-06
601,2025-06-23 01:10:00,601,M,1997,2025-06
602,2025-06-16 14:13:00,602,M,1992,2025-06
603,2025-06-05 10:55:00,603,F,2000,2025-06
604,2025-06-24 11:25:00,604,M,1999,2025-06
605,2025-06-12 16:35:00,605,M,1996,2025-06
606,2025-06-08 14:07:00,606,M,2000,2025-06
607,2025-06-08 04:06:00,607,M,1992,2025-06
608,2025-06-13 19:26:00,608,M,1991,2025-06
609,2025-06-28 05:52:00,609,M,1989,2025-06
610,2025-06-19 23:20:00,610,M,1999,2025-06
611,2025-06-06 15:32:00,611,M,1996,2025-06
612,2025-06-29 09:31:00,612,M,1994,2025-06
613,2025-06-13 16:29:00,613,F,1998,2025-06
614,2025-06-07 18:22:00,614,M,1991,2025-06
615,2025-06-10 15:38:00,615,F,2005,2025-06
616,2025-06-21 21:30:00,616,M,1995,2025-06
617,2025-06-01 03:27:00,617,M,1995,2025-06
618,2025-06-09 23:23:00,618,F,2000,2025-06
619,2025-06-12 01:25:00,619,M,1996,2025-06
620,2025-06-18 06:23:00,620,M,1995,2025-06
621,2025-06-03 12:32:00,621,M,1992,2025-06
622,2025-06-18 08:52:00,622,F,1999,2025-06
623,2025-06-22 19:07:00,623,M,2000,2025-06
624,2025-06-04 12:23:00,624,F,2002,2025-06
625,2025-06-11 17:23:00,625,F,2002,2025-06
626,2025-06-07 19:32:00,626,M,1993,2025-06
627,2025-06-02 01:02:00,627,M,1992,2025-06
628,2025-06-11 15:33:00,628,M,1994,2025-06
629,2025-06-20 16:08:00,629,M,1995,2025-06
630,2025-06-20 10:10:00,630,M,1998,2025-06
631,2025-06-20 23:53:00,631,M,1989,2025-06
632,2025-06-11 16:53:00,632,M,1999,2025-06
633,2025-06-16 22:36:00,633,M,1994,2025-06
634,2025-06-27 00:23:00,634,M,1993,2025-06
635,2025-06-04 13:37:00,635,M,1991,2025-06
636,2025-06-29 23:55:00,636,F,1993,2025-06
637,2025-06-01 19:30:00,637,M,1997,2025-06
638,2025-06-21 18:36:00,638,M,1995,2025-06
639,2025-06-02 18:30:00,639,M,1991,2025-06
640,2025-06-21 23:39:00,640,F,1994,2025-06
641,2025-06-13 04:52:00,641,F,1996,2025-06
642,2025-06-02 18:44:00,642,M,2000,2025-06
643,2025-06-01 14:20:00,643,M,1994,2025-06
644,2025-06-14 22:13:00,644,M,1990,2025-06
645,2025-06-25 19:58:00,645,M,1994,2025-06
646,2025-06-28 23:46:00,646,M,1994,2025-06
647,2025-06-05 16:13:00,647,M,1986,2025-06
648,2025-06-22 15:33:00,648,M,1994,2025-06
649,2025-06-06 14:58:00,649,M,1994,2025-06
650,2025-06-18 11:43:00,650,F,2000,2025-06
651,2025-06-24 21:41:00,651,F,2003,2025-06
652,2025-06-09 19:30:00,652,M,1998,2025-06
653,2025-06-08 08:35:00,653,M,1994,2025-06
654,2025-06-10 09:45:00,654,M,1991,2025-06
655,2025-06-23 15:20:00,655,M,2002,2025-06
656,2025-06-18 23:17:00,656,M,1995,2025-06
657,2025-06-19 21:34:00,657,M,1995,2025-06
658,2025-06-13 11:49:00,658,F,1997,2025-06
659,2025-06-10 01:18:00,659,F,1998,2025-06
660,2025-06-03 11:59:00,660,M,1994,2025-06
661,2025-06-09 23:30:00,661,M,1993,2025-06
662,2025-06-27 17:17:00,662,F,1996,2025-06
663,2025-06-23 08:08:00,663,M,1994,2025-06
664,2025-06-24 18:15:00,664,M,1993,2025-06
665,2025-06-22 16:14:00,665,M,1992,2025-06
666,2025-06-02 03:26:00,666,M,1995,2025-06
667,2025-06-16 03:43:00,667,F,1997,2025-06
668,2025-06-01 17:59:00,668,M,1999,2025-06
669,2025-06-21 15:30:00,669,M,1987,2025-06
670,2025-06-25 09:20:00,670,M,1998,2025-06
671,2025-06-02 02:41:00,671,M,1998,2025-06
672,2025-06-18 23:46:00,672,F,1991,2025-06
673,2025-06-02 05:26:00,673,F,1996,2025-06
674,2025-06-06 01:53:00,674,M,1993,2025-06
675,2025-06-16 05:59:00,675,F,1993,2025-06
676,2025-06-28 09:56:00,676,M,1992,2025-06
677,2025-06-10 18:38:00,677,M,1991,2025-06
678,2025-06-11 09:29:00,678,F,2003,2025-06
679,2025-06-18 16:31:00,679,F,2000,2025-06
680,2025-06-05 16:29:00,680,M,1998,2025-06
681,2025-06-26 03:21:00,681,M,1997,2025-06
682,2025-06-15 20:16:00,682,F,1994,2025-06
683,2025-06-01 23:21:00,683,F,1996,2025-06
684,2025-06-19 21:48:00,684,M,1996,2025-06
685,2025-06-20 20:57:00,685,M,1991,2025-06
686,2025-06-14 16:20:00,686,M,1997,2025-06
687,2025-06-22 03:11:00,687,F,1997,2025-06
688,2025-06-16 10:59:00,688,M,1993,2025-06
689,2025-06-09 12:15:00,689,M,1997,2025-06
690,2025-06-09 10:19:00,690,M,1996,2025-06
691,2025-06-19 00:16:00,691,M,1993,2025-06
692,2025-06-23 07:03:00,692,F,2001,2025-06
693,2025-06-15 09:10:00,693,M,1991,2025-06
694,2025-06-17 22:49:00,694,M,1996,2025-06
695,2025-06-04 20:58:00,695,F,1999,2025-06
696,2025-06-12 19:14:00,696,M,1994,2025-06
697,2025-06-05 15:09:00,697,M,1995,2025-06
698,2025-06-20 11:26:00,698,F,1994,2025-06
699,2025-06-30 15:48:00,699,M,1997,2025-06
700,2025-06-22 06:48:00,700,M,1994,2025-06
701,2025-06-25 19:55:00,701,F,1996,2025-06
702,2025-06-17 14:33:00,702,F,2001,2025-06
703,2025-06-03 18:07:00,703,M,1992,2025-06
704,2025-06-18 16:12:00,704,M,1990,2025-06
705,2025-06-05 05:20:00,705,F,1993,2025-06
706,2025-06-15 03:43:00,706,M,1996,2025-06
707,2025-06-19 15:05:00,707,F,1994,2025-06
708,2025-06-15 01:29:00,708,M,2000,2025-06
709,2025-06-14 14:36:00,709,M,1988,2025-06
710,2025-06-15 21:51:00,710,M,2000,2025-06
711,2025-06-01 12:16:00,711,F,1998,2025-06
712,2025-06-24 06:37:00,712,M,1994,2025-06
713,2025-06-14 11:44:00,713,M,1993,2025-06
714,2025-06-02 02:59:00,714,M,1996,2025-06
715,2025-06-10 13:11:00,715,F,1997,2025-06
716,2025-06-25 20:46:00,716,M,1998,2025-06
717,2025-06-14 11:57:00,717,M,1995,2025-06
718,2025-06-28 12:24:00,718,M,1995,2025-06
719,2025-06-22 17:08:00,719,M,1993,2025-06
720,2025-06-12 03:11:00,720,F,1997,2025-06
721,2025-06-13 16:08:00,721,F,1998,2025-06
722,2025-06-08 00:48:00,722,M,1989,2025-06
723,2025-06-10 14:43:00,723,F,1993,2025-06
724,2025-06-14 17:24:00,724,F,2000,2025-06
725,2025-06-08 14:22:00,725,M,1995,2025-06
726,2025-06-07 23:48:00,726,M,1994,2025-06
727,2025-06-26 21:26:00,727,M,1995,2025-06
728,2025-06-30 00:15:00,728,M,1996,2025-06
729,2025-06-04 19:02:00,729,M,1993,2025-06
730,2025-06-22 22:55:00,730,M,1992,2025-06
731,2025-06-24 01:25:00,731,M,1995,2025-06
732,2025-06-18 06:48:00,732,F,1995,2025-06
733,2025-06-02 04:32:00,733,F,1999,2025-06
734,2025-06-08 23:36:00,734,M,1989,2025-06
735,2025-06-20 21:52:00,735,M,1998,2025-06
736,2025-06-10 04:42:00,736,M,1996,2025-06
737,2025-06-14 09:17:00,737,M,1995,2025-06
738,2025-06-19 23:58:00,738,M,1997,2025-06
739,2025-06-22 13:35:00,739,M,1999,2025-06
740,2025-06-12 20:42:00,740,M,1998,2025-06
741,2025-06-17 10:44:00,741,M,1989,2025-06
742,2025-06-05 09:24:00,742,M,1991,2025-06
743,2025-06-18 15:15:00,743,F,1996,2025-06
744,2025-06-10 22:09:00,744,F,1998,2025-06
745,2025-06-30 01:35:00,745,M,1996,2025-06
746,2025-06-14 17:33:00,746,M,1992,2025-06
747,2025-06-08 08:13:00,747,M,1995,2025-06
748,2025-06-03 14:54:00,748,M,1992,2025-06
749,2025-06-18 23:53:00,749,M,1993,2025-06
750,2025-06-09 12:43:00,750,M,1990,2025-06
751,2025-06-02 02:12:00,751,F,1995,2025-06
752,2025-06-19 23:42:00,752,M,1990,2025-06
753,2025-06-16 06:55:00,753,F,1995,2025-06
754,2025-06-10 00:13:00,754,F,2001,2025-06
755,2025-06-24 03:47:00,755,F,1995,2025-06
756,2025-06-16 07:44:00,756,M,2002,2025-06
757,2025-06-07 12:58:00,757,M,1996,2025-06
758,2025-06-11 09:24:00,758,M,1995,2025-06
759,2025-06-21 11:19:00,759,M,1992,2025-06
760,2025-06-17 15:29:00,760,M,1997,2025-06
761,2025-06-24 15:48:00,761,F,1996,2025-06
762,2025-06-30 06:23:00,762,M,1995,2025-06
763,2025-06-02 18:55:00,763,M,2002,2025-06
764,2025-06-05 00:16:00,764,M,1994,2025-06
765,2025-06-19 18:46:00,765,M,1998,2025-06
766,2025-06-05 06:21:00,766,M,1992,2025-06
767,2025-06-19 07:31:00,767,M,1994,2025-06
768,2025-06-22 10:16:00,768,F,2003,2025-06
769,2025-06-16 23:41:00,769,F,1996,2025-06
770,2025-06-15 05:46:00,770,F,2003,2025-06
771,2025-06-06 04:46:00,771,M,1997,2025-06
772,2025-06-06 17:41:00,772,F,1996,2025-06
773,2025-06-17 01:53:00,773,F,1999,2025-06
774,2025-06-27 21:03:00,774,F,2000,2025-06
775,2025-06-14 04:53:00,775,M,1996,2025-06
776,2025-06-03 22:09:00,776,M,1990,2025-06
777,2025-06-17 14:23:00,777,M,1992,2025-06
778,2025-06-21 21:59:00,778,M,1994,2025-06
779,2025-06-16 21:31:00,779,M,1994,2025-06
780,2025-06-18 17:26:00,780,M,1996,2025-06
781,2025-06-17 23:17:00,781,M,1995,2025-06
782,2025-06-10 00:32:00,782,F,1993,2025-06
783,2025-06-22 13:51:00,783,F,1999,2025-06
784,2025-06-06 03:58:00,784,M,1996,2025-06
785,2025-06-05 07:12:00,785,M,1996,2025-06
786,2025-06-09 11:17:00,786,F,2001,2025-06
787,2025-06-03 11:25:00,787,M,1997,2025-06
788,2025-06-08 22:14:00,788,M,1996,2025-06
789,2025-06-27 02:41:00,789,F,1997,2025-06
790,2025-06-21 01:05:00,790,M,1990,2025-06
791,2025-06-13 17:30:00,791,M,1996,2025-06
792,2025-06-01 22:10:00,792,M,1995,2025-06
793,2025-06-28 13:41:00,793,F,1998,2025-06
794,2025-06-19 03:57:00,794,M,1991,2025-06
795,2025-06-02 07:13:00,795,F,1994,2025-06
796,2025-06-23 18:30:00,796,M,1998,2025-06
797,2025-06-30 02:43:00,797,F,1997,2025-06
798,2025-06-29 17:36:00,798,M,1997,2025-06
799,2025-06-06 10:01:00,799,F,1998,2025-06
800,2025-06-19 04:48:00,800,F,1998,2025-06
801,2025-06-27 12:59:00,801,M,1997,2025-06
802,2025-06-06 18:15:00,802,M,1993,2025-06
803,2025-06-28 12:43:00,803,F,1998,2025-06
804,2025-06-11 12:48:00,804,F,1996,2025-06
805,2025-06-26 22:46:00,805,M,1993,2025-06
806,2025-06-24 11:03:00,806,M,1994,2025-06
807,2025-06-08 02:21:00,807,M,1995,2025-06
808,2025-06-20 19:25:00,808,F,1996,2025-06
809,2025-06-11 00:40:00,809,M,1998,2025-06
810,2025-06-15 15:14:00,810,M,1992,2025-06
811,2025-06-13 13:11:00,811,F,1997,2025-06
812,2025-06-22 12:05:00,812,F,1996,2025-06
813,2025-06-10 07:45:00,813,M,1999,2025-06
814,2025-06-09 04:24:00,814,F,1998,2025-06
815,2025-06-21 04:47:00,815,M,1998,2025-06
816,2025-06-12 03:05:00,816,M,1990,2025-06
817,2025-06-10 14:23:00,817,F,1998,2025-06
818,2025-06-04 04:05:00,818,M,1997,2025-06
819,2025-06-15 17:35:00,819,M,1995,2025-06
820,2025-06-04 00:05:00,820,M,1998,2025-06
821,2025-06-03 19:38:00,821,F,1996,2025-06
822,2025-06-28 12:00:00,822,M,1999,2025-06
823,2025-06-13 02:46:00,823,F,2004,2025-06
824,2025-06-29 07:36:00,824,M,1993,2025-06
825,2025-06-22 12:10:00,825,M,1993,2025-06
826,2025-06-10 08:31:00,826,M,1999,2025-06
827,2025-06-06 13:17:00,827,M,1999,2025-06
828,2025-06-16 02:23:00,828,M,1993,2025-06
829,2025-06-08 23:40:00,829,M,1993,2025-06
830,2025-06-20 06:29:00,830,M,1994,2025-06
831,2025-06-10 00:25:00,831,M,1990,2025-06
832,2025-06-20 12:51:00,832,F,1995,2025-06
833,2025-06-15 10:27:00,833,F,1994,2025-06
834,2025-06-28 20:38:00,834,M,1992,2025-06
835,2025-06-11 19:44:00,835,M,1994,2025-06
836,2025-06-11 05:25:00,836,F,1998,2025-06
837,2025-06-10 23:44:00,837,M,1999,2025-06
838,2025-06-19 07:20:00,838,M,1992,2025-06
839,2025-06-27 12:23:00,839,M,1997,2025-06
840,2025-06-19 06:37:00,840,F,1997,2025-06
841,2025-06-06 21:49:00,841,M,1994,2025-06
842,2025-06-24 14:45:00,842,M,1997,2025-06
843,2025-06-26 09:53:00,843,F,1994,2025-06
844,2025-06-27 13:43:00,844,M,1996,2025-06
845,2025-06-21 09:15:00,845,M,1995,2025-06
846,2025-06-05 22:27:00,846,F,1999,2025-06
847,2025-06-03 14:38:00,847,M,1995,2025-06
848,2025-06-13 17:32:00,848,F,2005,2025-06
849,2025-06-28 22:26:00,849,M,1993,2025-06
850,2025-06-26 11:44:00,850,F,1996,2025-06
851,2025-06-18 19:40:00,851,F,1996,2025-06
852,2025-06-04 07:42:00,852,M,1993,2025-06
853,2025-06-06 20:39:00,853,M,1993,2025-06
854,2025-06-21 21:41:00,854,M,1998,2025-06
855,2025-06-25 10:50:00,855,M,1999,2025-06
856,2025-06-01 03:16:00,856,M,1993,2025-06
857,2025-06-24 16:35:00,857,M,1992,2025-06
858,2025-06-19 07:28:00,858,M,1996,2025-06
859,2025-06-15 21:37:00,859,F,1996,2025-06
860,2025-06-05 11:01:00,860,M,1996,2025-06
861,2025-06-10 13:58:00,861,F,1998,2025-06
862,2025-06-04 23:09:00,862,M,1990,2025-06
863,2025-06-11 14:50:00,863,M,1999,2025-06
864,2025-06-16 11:30:00,864,M,2000,2025-06
865,2025-06-24 22:28:00,865,M,1993,2025-06
866,2025-06-10 01:51:00,866,F,1996,2025-06
867,2025-06-01 10:41:00,867,M,1995,2025-06
868,2025-06-26 05:59:00,868,F,1999,2025-06
869,2025-06-08 16:11:00,869,M,1996,2025-06
870,2025-06-11 17:27:00,870,F,2004,2025-06
871,2025-06-08 12:40:00,871,M,1994,2025-06
872,2025-06-21 21:27:00,872,M,1992,2025-06
873,2025-06-24 19:56:00,873,M,1990,2025-06
874,2025-06-19 13:24:00,874,M,1992,2025-06
875,2025-06-07 06:17:00,875,F,1997,2025-06
876,2025-06-26 02:36:00,876,M,2000,2025-06
877,2025-06-28 17:11:00,877,M,1993,2025-06
878,2025-06-07 14:07:00,878,M,1995,2025-06
879,2025-06-28 15:33:00,879,F,1997,2025-06
880,2025-06-11 19:24:00,880,M,1998,2025-06
881,2025-06-19 03:22:00,881,M,2002,2025-06
882,2025-06-15 19:11:00,882,F,1996,2025-06
883,2025-06-23 09:58:00,883,M,1993,2025-06
884,2025-06-03 21:08:00,884,M,1998,2025-06
885,2025-06-08 09:07:00,885,M,1997,2025-06
886,2025-06-23 04:32:00,886,M,2000,2025-06
887,2025-06-20 04:36:00,887,M,1996,2025-06
888,2025-06-06 15:40:00,888,M,1993,2025-06
889,2025-06-30 20:59:00,889,F,1999,2025-06
890,2025-06-18 05:31:00,890,M,1998,2025-06
891,2025-06-06 10:53:00,891,M,1997,2025-06
892,2025-06-02 11:00:00,892,M,1996,2025-06
893,2025-06-07 12:35:00,893,M,1998,2025-06
894,2025-06-16 13:43:00,894,M,1998,2025-06
895,2025-06-23 14:31:00,895,M,1999,2025-06
896,2025-06-19 00:50:00,896,F,1999,2025-06
897,2025-06-10 01:17:00,897,M,1994,2025-06
898,2025-06-10 05:49:00,898,M,1995,2025-06
899,2025-06-24 15:35:00,899,M,1998,2025-06
900,2025-06-19 03:17:00,900,F,1995,2025-06
901,2025-07-27 11:34:00,901,F,1999,2025-07
902,2025-07-02 23:28:00,902,M,1993,2025-07
903,2025-07-14 03:47:00,903,F,1998,2025-07
904,2025-07-25 07:19:00,904,F,2001,2025-07
905,2025-07-02 14:16:00,905,M,1995,2025-07
906,2025-07-27 02:28:00,906,F,1998,2025-07
907,2025-07-04 07:13:00,907,F,1993,2025-07
908,2025-07-19 22:22:00,908,F,2000,2025-07
909,2025-07-20 20:27:00,909,M,1996,2025-07
910,2025-07-05 06:52:00,910,M,2001,2025-07
911,2025-07-02 18:22:00,911,M,1994,2025-07
912,2025-07-20 17:10:00,912,M,1995,2025-07
913,2025-07-23 09:18:00,913,M,1995,2025-07
914,2025-07-31 16:57:00,914,F,2002,2025-07
915,2025-07-04 04:48:00,915,F,1997,2025-07
916,2025-07-30 01:17:00,916,F,1998,2025-07
917,2025-07-05 22:55:00,917,M,1996,2025-07
918,2025-07-05 22:20:00,918,F,1998,2025-07
919,2025-07-25 21:25:00,919,M,1993,2025-07
920,2025-07-19 20:17:00,920,M,1995,2025-07
921,2025-07-13 14:04:00,921,M,1998,2025-07
922,2025-07-29 02:25:00,922,M,1991,2025-07
923,2025-07-09 22:59:00,923,F,1998,2025-07
924,2025-07-15 15:20:00,924,M,1992,2025-07
925,2025-07-28 23:05:00,925,F,2001,2025-07
926,2025-07-15 20:42:00,926,F,1993,2025-07
927,2025-07-28 02:50:00,927,M,1993,2025-07
928,2025-07-07 13:52:00,928,M,1996,2025-07
929,2025-07-09 10:53:00,929,M,1999,2025-07
930,2025-07-18 18:08:00,930,M,1994,2025-07
931,2025-07-16 10:57:00,931,F,1996,2025-07
932,2025-07-02 01:06:00,932,M,2000,2025-07
933,2025-07-27 14:01:00,933,M,1990,2025-07
934,2025-07-28 05:28:00,934,M,1988,2025-07
935,2025-07-31 13:12:00,935,F,1999,2025-07
936,2025-07-30 04:56:00,936,M,1993,2025-07
937,2025-07-06 08:05:00,937,M,1991,2025-07
938,2025-07-09 02:23:00,938,M,1997,2025-07
939,2025-07-21 05:03:00,939,M,1995,2025-07
940,2025-07-10 23:44:00,940,F,1996,2025-07
941,2025-07-14 20:05:00,941,F,1994,2025-07
942,2025-07-01 06:30:00,942,M,1997,2025-07
943,2025-07-19 07:33:00,943,F,1999,2025-07
944,2025-07-01 00:44:00,944,M,1994,2025-07
945,2025-07-04 13:44:00,945,M,2000,2025-07
946,2025-07-03 07:24:00,946,M,1991,2025-07
947,2025-07-26 03:06:00,947,M,1990,2025-07
948,2025-07-29 09:08:00,948,M,1992,2025-07
949,2025-07-27 04:41:00,949,F,1997,2025-07
950,2025-07-05 02:33:00,950,M,1995,2025-07
951,2025-07-20 20:10:00,951,M,1994,2025-07
952,2025-07-24 06:40:00,952,F,1999,2025-07
953,2025-07-30 13:39:00,953,F,1994,2025-07
954,2025-07-28 06:05:00,954,F,2002,2025-07
955,2025-07-05 03:37:00,955,F,1997,2025-07
956,2025-07-12 13:20:00,956,F,2001,2025-07
957,2025-07-08 08:41:00,957,M,1996,2025-07
958,2025-07-18 19:38:00,958,F,1999,2025-07
959,2025-07-10 22:01:00,959,F,1999,2025-07
960,2025-07-22 09:13:00,960,M,1996,2025-07
961,2025-07-17 06:47:00,961,M,1996,2025-07
962,2025-07-21 01:50:00,962,F,2001,2025-07
963,2025-07-31 07:31:00,963,M,1995,2025-07
964,2025-07-08 15:40:00,964,M,1997,2025-07
965,2025-07-17 00:23:00,965,F,1997,2025-07
966,2025-07-05 12:55:00,966,F,2002,2025-07
967,2025-07-14 11:34:00,967,F,1995,2025-07
968,2025-07-25 15:49:00,968,M,2000,2025-07
969,2025-07-19 02:00:00,969,M,1994,2025-07
970,2025-07-02 01:50:00,970,M,1990,2025-07
971,2025-07-10 20:45:00,971,M,1995,2025-07
972,2025-07-14 13:44:00,972,M,1992,2025-07
973,2025-07-21 17:34:00,973,M,1997,2025-07
974,2025-07-09 02:19:00,974,M,1993,2025-07
975,2025-07-30 06:51:00,975,M,1993,2025-07
976,2025-07-11 12:37:00,976,M,1989,2025-07
977,2025-07-27 20:43:00,977,M,1993,2025-07
978,2025-07-10 22:27:00,978,F,1990,2025-07
979,2025-07-28 07:03:00,979,M,1990,2025-07
980,2025-07-30 13:07:00,980,M,1997,2025-07
981,2025-07-20 01:19:00,981,M,1997,2025-07
982,2025-07-22 23:11:00,982,M,1996,2025-07
983,2025-07-23 04:44:00,983,M,1992,2025-07
984,2025-07-16 11:33:00,984,M,1994,2025-07
985,2025-07-27 23:16:00,985,M,1994,2025-07
986,2025-07-05 23:49:00,986,F,1994,2025-07
987,2025-07-24 03:49:00,987,F,2002,2025-07
988,2025-07-11 13:17:00,988,M,1997,2025-07
989,2025-07-09 22:36:00,989,M,1994,2025-07
990,2025-07-16 14:32:00,990,M,1995,2025-07
991,2025-07-16 18:10:00,991,M,1995,2025-07
992,2025-07-09 03:57:00,992,M,1988,2025-07
993,2025-07-24 03:14:00,993,F,1997,2025-07
994,2025-07-01 01:54:00,994,F,1995,2025-07
995,2025-07-08 01:30:00,995,M,1991,2025-07
996,2025-07-30 04:11:00,996,F,1997,2025-07
997,2025-07-28 01:35:00,997,F,2003,2025-07
998,2025-07-23 23:41:00,998,M,1996,2025-07
999,2025-07-11 07:26:00,999,F,1996,2025-07
1000,2025-07-11 08:52:00,1000,M,1996,2025-07
1001,2025-07-12 03:32:00,1001,F,2002,2025-07
1002,2025-07-02 05:14:00,1002,F,2000,2025-07
1003,2025-07-02 12:04:00,1003,F,1998,2025-07
1004,2025-07-28 09:49:00,1004,F,1996,2025-07
1005,2025-07-11 02:35:00,1005,M,1997,2025-07
1006,2025-07-12 06:18:00,1006,M,1996,2025-07
1007,2025-07-10 23:39:00,1007,M,1997,2025-07
1008,2025-07-12 18:31:00,1008,F,1999,2025-07
1009,2025-07-25 06:46:00,1009,F,2001,2025-07
1010,2025-07-25 07:09:00,1010,M,1993,2025-07
1011,2025-07-14 00:14:00,1011,M,1998,2025-07
1012,2025-07-21 22:56:00,1012,M,1995,2025-07
1013,2025-07-11 00:48:00,1013,M,2001,2025-07
1014,2025-07-28 23:46:00,1014,M,1992,2025-07
1015,2025-07-07 16:15:00,1015,M,2000,2025-07
1016,2025-07-31 01:09:00,1016,F,1998,2025-07
1017,2025-07-03 01:58:00,1017,M,1993,2025-07
1018,2025-07-28 16:26:00,1018,F,1996,2025-07
1019,2025-07-12 14:47:00,1019,M,1994,2025-07
1020,2025-07-04 16:08:00,1020,M,1996,2025-07
1021,2025-07-13 02:37:00,1021,M,1996,2025-07
1022,2025-07-14 21:08:00,1022,M,1993,2025-07
1023,2025-07-09 10:59:00,1023,F,1997,2025-07
1024,2025-07-23 23:20:00,1024,M,2001,2025-07
1025,2025-07-09 07:04:00,1025,F,2003,2025-07
1026,2025-07-05 18:06:00,1026,M,1996,2025-07
1027,2025-07-06 14:29:00,1027,M,1995,2025-07
1028,2025-07-04 17:22:00,1028,F,1998,2025-07
1029,2025-07-07 14:19:00,1029,M,1996,2025-07
1030,2025-07-28 03:05:00,1030,M,1991,2025-07
1031,2025-07-22 09:52:00,1031,F,1997,2025-07
1032,2025-07-20 01:13:00,1032,F,1992,2025-07
1033,2025-07-11 04:05:00,1033,F,1999,2025-07
1034,2025-07-31 11:25:00,1034,M,1996,2025-07
1035,2025-07-22 09:16:00,1035,F,1996,2025-07
1036,2025-07-06 00:25:00,1036,F,2002,2025-07
1037,2025-07-18 23:35:00,1037,M,1991,2025-07
1038,2025-07-15 03:51:00,1038,F,1993,2025-07
1039,2025-07-04 00:03:00,1039,F,1998,2025-07
1040,2025-07-08 04:12:00,1040,F,2001,2025-07
1041,2025-07-12 21:40:00,1041,F,2003,2025-07
1042,2025-07-03 18:37:00,1042,M,1993,2025-07
1043,2025-07-27 02:01:00,1043,F,2001,2025-07
1044,2025-07-07 20:28:00,1044,F,1997,2025-07
1045,2025-07-03 10:07:00,1045,M,1994,2025-07
1046,2025-07-15 01:10:00,1046,F,2000,2025-07
1047,2025-07-14 23:25:00,1047,M,1996,2025-07
1048,2025-07-13 21:27:00,1048,M,1990,2025-07
1049,2025-07-07 05:17:00,1049,M,1999,2025-07
1050,2025-07-29 04:02:00,1050,M,1999,2025-07
1051,2025-07-20 07:41:00,1051,M,1993,2025-07
1052,2025-07-14 17:30:00,1052,M,1996,2025-07
1053,2025-07-09 12:08:00,1053,M,1996,2025-07
1054,2025-07-21 16:15:00,1054,M,1995,2025-07
1055,2025-07-26 17:50:00,1055,M,1993,2025-07
1056,2025-07-13 22:22:00,1056,M,1992,2025-07
1057,2025-07-26 15:22:00,1057,F,1997,2025-07
1058,2025-07-17 10:24:00,1058,M,1998,2025-07
1059,2025-07-01 10:38:00,1059,M,1996,2025-07
1060,2025-07-29 08:03:00,1060,F,1996,2025-07
1061,2025-07-16 16:22:00,1061,F,2000,2025-07
1062,2025-07-08 05:06:00,1062,M,1986,2025-07
1063,2025-07-08 08:34:00,1063,F,2001,2025-07
1064,2025-07-30 23:03:00,1064,F,1992,2025-07
1065,2025-07-31 07:36:00,1065,F,1996,2025-07
1066,2025-07-26 12:22:00,1066,F,1994,2025-07
1067,2025-07-28 05:11:00,1067,M,1991,2025-07
1068,2025-07-11 23:44:00,1068,M,1998,2025-07
1069,2025-07-19 00:45:00,1069,F,1996,2025-07
1070,2025-07-31 18:36:00,1070,M,1996,2025-07
1071,2025-07-31 06:53:00,1071,F,1997,2025-07
1072,2025-07-29 15:34:00,1072,M,1996,2025-07
1073,2025-07-16 01:05:00,1073,M,1995,2025-07
1074,2025-07-20 07:01:00,1074,M,1991,2025-07
1075,2025-07-01 10:58:00,1075,M,1997,2025-07
1076,2025-07-26 04:21:00,1076,F,1996,2025-07
1077,2025-07-30 10:03:00,1077,M,1990,2025-07
1078,2025-07-19 22:58:00,1078,M,1993,2025-07
1079,2025-07-04 16:55:00,1079,M,1999,2025-07
1080,2025-07-03 11:45:00,1080,F,2000,2025-07
1081,2025-07-13 18:06:00,1081,M,1993,2025-07
1082,2025-07-11 04:10:00,1082,F,1996,2025-07
1083,2025-07-14 20:31:00,1083,M,1994,2025-07
1084,2025-07-06 22:35:00,1084,F,2004,2025-07
1085,2025-07-30 19:50:00,1085,M,1996,2025-07
1086,2025-07-22 18:52:00,1086,M,1996,2025-07
1087,2025-07-10 23:44:00,1087,M,1998,2025-07
1088,2025-07-06 23:00:00,1088,F,1998,2025-07
1089,2025-07-31 18:25:00,1089,F,1997,2025-07
1090,2025-07-25 18:02:00,1090,M,1994,2025-07
1091,2025-07-11 19:14:00,1091,M,1994,2025-07
1092,2025-07-04 15:09:00,1092,M,1994,2025-07
1093,2025-07-03 07:22:00,1093,F,2000,2025-07
1094,2025-07-06 20:56:00,1094,F,1998,2025-07
1095,2025-07-27 22:42:00,1095,M,1997,2025-07
1096,2025-07-29 10:28:00,1096,M,1994,2025-07
1097,2025-07-07 07:44:00,1097,M,1995,2025-07
1098,2025-07-09 03:46:00,1098,M,1989,2025-07
1099,2025-07-13 14:46:00,1099,M,1997,2025-07
1100,2025-07-06 13:31:00,1100,F,1999,2025-07
1101,2025-08-12 17:24:00,1101,M,1997,2025-08
1102,2025-08-16 18:41:00,1102,F,1989,2025-08
1103,2025-08-08 05:28:00,1103,M,2001,2025-08
1104,2025-08-28 01:18:00,1104,M,1994,2025-08
1105,2025-08-09 03:04:00,1105,M,1998,2025-08
1106,2025-08-29 12:10:00,1106,F,1994,2025-08
1107,2025-08-18 02:21:00,1107,M,1996,2025-08
1108,2025-08-20 15:45:00,1108,M,1991,2025-08
1109,2025-08-31 20:10:00,1109,M,1993,2025-08
1110,2025-08-14 05:03:00,1110,M,2000,2025-08
1111,2025-08-07 06:26:00,1111,F,1997,2025-08
1112,2025-08-24 23:34:00,1112,M,1995,2025-08
1113,2025-08-10 09:15:00,1113,M,1997,2025-08
1114,2025-08-13 18:35:00,1114,F,1999,2025-08
1115,2025-08-05 01:23:00,1115,M,1995,2025-08
1116,2025-08-03 09:52:00,1116,M,1996,2025-08
1117,2025-08-20 15:12:00,1117,M,2002,2025-08
1118,2025-08-07 05:40:00,1118,M,1994,2025-08
1119,2025-08-03 15:54:00,1119,M,1995,2025-08
1120,2025-08-26 12:30:00,1120,M,1998,2025-08
1121,2025-08-22 08:05:00,1121,M,1998,2025-08
1122,2025-08-13 05:23:00,1122,F,2001,2025-08
1123,2025-08-12 05:28:00,1123,M,1996,2025-08
1124,2025-08-15 14:16:00,1124,M,1991,2025-08
1125,2025-08-09 18:03:00,1125,M,1999,2025-08
1126,2025-08-23 21:06:00,1126,M,1991,2025-08
1127,2025-08-12 17:26:00,1127,F,1998,2025-08
1128,2025-08-19 07:35:00,1128,M,1992,2025-08
1129,2025-08-13 16:26:00,1129,F,1997,2025-08
1130,2025-08-22 15:36:00,1130,F,1998,2025-08
1131,2025-08-16 09:05:00,1131,M,1995,2025-08
1132,2025-08-28 22:02:00,1132,M,1996,2025-08
1133,2025-08-29 16:51:00,1133,M,1999,2025-08
1134,2025-08-20 04:07:00,1134,F,1999,2025-08
1135,2025-08-15 05:10:00,1135,F,1997,2025-08
1136,2025-08-26 06:08:00,1136,M,1997,2025-08
1137,2025-08-03 21:27:00,1137,M,1998,2025-08
1138,2025-08-27 20:09:00,1138,F,1994,2025-08
1139,2025-08-09 10:58:00,1139,F,1999,2025-08
1140,2025-08-26 02:05:00,1140,M,1997,2025-08
1141,2025-08-13 17:20:00,1141,F,1997,2025-08
1142,2025-08-17 14:58:00,1142,F,2002,2025-08
1143,2025-08-26 22:39:00,1143,M,1994,2025-08
1144,2025-08-26 13:07:00,1144,M,1995,2025-08
1145,2025-08-05 18:37:00,1145,M,1994,2025-08
1146,2025-08-31 03:59:00,1146,M,1995,2025-08
1147,2025-08-25 03:50:00,1147,M,1991,2025-08
1148,2025-08-18 11:56:00,1148,M,1990,2025-08
1149,2025-08-13 20:31:00,1149,M,1999,2025-08
1150,2025-08-16 01:11:00,1150,M,1992,2025-08
1151,2025-08-05 19:38:00,1151,F,1995,2025-08
1152,2025-08-13 01:25:00,1152,F,1991,2025-08
1153,2025-08-11 22:15:00,1153,M,1993,2025-08
1154,2025-08-16 08:57:00,1154,M,1991,2025-08
1155,2025-08-11 09:19:00,1155,M,1999,2025-08
1156,2025-08-16 22:43:00,1156,M,1998,2025-08
1157,2025-08-28 07:08:00,1157,M,1992,2025-08
1158,2025-08-24 14:49:00,1158,F,2004,2025-08
1159,2025-08-09 23:26:00,1159,M,1997,2025-08
1160,2025-08-03 06:28:00,1160,M,1994,2025-08
1161,2025-08-27 13:47:00,1161,M,1987,2025-08
1162,2025-08-17 11:52:00,1162,M,2001,2025-08
1163,2025-08-26 05:04:00,1163,M,1990,2025-08
1164,2025-08-17 12:08:00,1164,F,1993,2025-08
1165,2025-08-17 18:01:00,1165,M,1998,2025-08
1166,2025-08-29 06:53:00,1166,M,2002,2025-08
1167,2025-08-02 14:03:00,1167,F,2002,2025-08
1168,2025-08-23 06:17:00,1168,M,1996,2025-08
1169,2025-08-15 16:25:00,1169,M,1996,2025-08
1170,2025-08-04 21:01:00,1170,M,1997,2025-08
1171,2025-08-16 19:28:00,1171,M,1997,2025-08
1172,2025-08-28 15:37:00,1172,M,1995,2025-08
1173,2025-08-12 05:53:00,1173,F,1998,2025-08
1174,2025-08-24 22:05:00,1174,M,1994,2025-08
1175,2025-08-13 01:10:00,1175,F,1995,2025-08
1176,2025-08-25 06:54:00,1176,M,1994,2025-08
1177,2025-08-08 21:13:00,1177,M,1989,2025-08
1178,2025-08-14 16:01:00,1178,F,1997,2025-08
1179,2025-08-31 21:00:00,1179,M,1992,2025-08
1180,2025-08-05 20:11:00,1180,M,1991,2025-08
1181,2025-08-01 07:16:00,1181,M,1995,2025-08
1182,2025-08-31 09:45:00,1182,F,2002,2025-08
1183,2025-08-21 08:27:00,1183,F,2000,2025-08
1184,2025-08-28 11:29:00,1184,M,1990,2025-08
1185,2025-08-15 09:43:00,1185,M,1992,2025-08
1186,2025-08-20 12:37:00,1186,M,1997,2025-08
1187,2025-08-17 21:53:00,1187,F,1995,2025-08
1188,2025-08-18 20:38:00,1188,M,1994,2025-08
1189,2025-08-10 21:06:00,1189,M,1996,2025-08
1190,2025-08-11 08:40:00,1190,M,1992,2025-08
1191,2025-08-09 08:41:00,1191,F,1998,2025-08
1192,2025-08-29 20:19:00,1192,M,1990,2025-08
1193,2025-08-17 07:57:00,1193,M,1993,2025-08
1194,2025-08-28 19:25:00,1194,M,1995,2025-08
1195,2025-08-22 04:46:00,1195,M,1990,2025-08
1196,2025-08-16 09:16:00,1196,F,1999,2025-08
1197,2025-08-13 12:47:00,1197,M,1994,2025-08
1198,2025-08-23 18:52:00,1198,M,1996,2025-08
1199,2025-08-24 22:14:00,1199,F,1998,2025-08
1200,2025-08-21 15:58:00,1200,F,2002,2025-08
1201,2025-08-12 16:19:00,1201,F,1998,2025-08
1202,2025-08-27 21:56:00,1202,M,1993,2025-08
1203,2025-08-10 03:30:00,1203,M,1995,2025-08
1204,2025-08-09 23:51:00,1204,M,1996,2025-08
1205,2025-08-30 05:43:00,1205,F,1998,2025-08
1206,2025-08-21 02:14:00,1206,M,1995,2025-08
1207,2025-08-24 09:26:00,1207,F,1995,2025-08
1208,2025-08-11 11:16:00,1208,M,1993,2025-08
1209,2025-08-15 03:30:00,1209,M,1990,2025-08
1210,2025-08-21 18:37:00,1210,F,2003,2025-08
1211,2025-08-03 15:56:00,1211,M,1991,2025-08
1212,2025-08-04 21:24:00,1212,M,1992,2025-08
1213,2025-08-14 01:55:00,1213,F,1995,2025-08
1214,2025-08-05 06:21:00,1214,M,1997,2025-08
1215,2025-08-19 14:09:00,1215,M,1994,2025-08
1216,2025-08-23 05:49:00,1216,M,1998,2025-08
1217,2025-08-11 20:11:00,1217,M,1992,2025-08
1218,2025-08-02 00:28:00,1218,M,1995,2025-08
1219,2025-08-25 05:36:00,1219,F,1995,2025-08
1220,2025-08-16 02:08:00,1220,M,2001,2025-08
1221,2025-08-21 13:25:00,1221,M,1991,2025-08
1222,2025-08-16 12:00:00,1222,M,1995,2025-08
1223,2025-08-07 23:23:00,1223,F,1999,2025-08
1224,2025-08-29 10:48:00,1224,F,1999,2025-08
1225,2025-08-07 00:43:00,1225,M,1994,2025-08
1226,2025-08-24 07:14:00,1226,F,1997,2025-08
1227,2025-08-12 09:08:00,1227,M,1995,2025-08
1228,2025-08-17 18:19:00,1228,M,1994,2025-08
1229,2025-08-27 01:19:00,1229,F,2000,2025-08
1230,2025-08-15 23:33:00,1230,M,2001,2025-08
1231,2025-08-11 13:56:00,1231,F,1996,2025-08
1232,2025-08-05 10:57:00,1232,M,1990,2025-08
1233,2025-08-25 06:10:00,1233,F,1997,2025-08
1234,2025-08-30 12:01:00,1234,M,2002,2025-08
1235,2025-08-24 04:13:00,1235,F,1995,2025-08
1236,2025-08-19 16:10:00,1236,M,1999,2025-08
1237,2025-08-23 20:50:00,1237,M,2000,2025-08
1238,2025-08-29 20:16:00,1238,F,1996,2025-08
1239,2025-08-20 01:38:00,1239,F,1999,2025-08
1240,2025-08-22 03:41:00,1240,F,2002,2025-08
1241,2025-08-02 22:07:00,1241,M,1993,2025-08
1242,2025-08-13 03:35:00,1242,M,1994,2025-08
1243,2025-08-23 04:13:00,1243,F,1996,2025-08
1244,2025-08-21 00:19:00,1244,M,1991,2025-08
1245,2025-08-04 21:33:00,1245,M,1993,2025-08
1246,2025-08-20 22:08:00,1246,M,1991,2025-08
1247,2025-08-29 03:32:00,1247,F,1998,2025-08
1248,2025-08-04 09:07:00,1248,F,1995,2025-08
1249,2025-08-16 06:38:00,1249,M,1995,2025-08
1250,2025-08-09 16:12:00,1250,M,1990,2025-08
1251,2025-08-14 09:10:00,1251,M,1995,2025-08
1252,2025-08-16 06:44:00,1252,F,2000,2025-08
1253,2025-08-11 07:00:00,1253,M,1989,2025-08
1254,2025-08-03 03:53:00,1254,M,1996,2025-08
1255,2025-08-16 04:05:00,1255,F,2001,2025-08
1256,2025-08-03 23:46:00,1256,M,1991,2025-08
1257,2025-08-09 20:14:00,1257,M,2000,2025-08
1258,2025-08-10 08:29:00,1258,M,1996,2025-08
1259,2025-08-27 05:55:00,1259,M,1992,2025-08
1260,2025-08-10 11:51:00,1260,F,1997,2025-08
1261,2025-08-14 23:07:00,1261,M,1996,2025-08
1262,2025-08-25 01:00:00,1262,F,1998,2025-08
1263,2025-08-22 20:10:00,1263,M,1996,2025-08
1264,2025-08-29 14:39:00,1264,M,1992,2025-08
1265,2025-08-24 02:23:00,1265,F,1998,2025-08
1266,2025-08-06 03:25:00,1266,M,1990,2025-08
1267,2025-08-15 08:53:00,1267,M,1994,2025-08
1268,2025-08-28 15:51:00,1268,M,1992,2025-08
1269,2025-08-29 05:07:00,1269,M,1992,2025-08
1270,2025-08-24 01:54:00,1270,M,1998,2025-08
1271,2025-08-14 18:30:00,1271,F,2001,2025-08
1272,2025-08-22 14:11:00,1272,M,1996,2025-08
1273,2025-08-25 11:39:00,1273,M,1991,2025-08
1274,2025-08-22 23:57:00,1274,M,1994,2025-08
1275,2025-08-30 15:07:00,1275,F,2001,2025-08
1276,2025-08-15 01:04:00,1276,M,1995,2025-08
1277,2025-08-11 00:45:00,1277,F,2004,2025-08
1278,2025-08-17 23:36:00,1278,F,1999,2025-08
1279,2025-08-08 21:55:00,1279,M,1995,2025-08
1280,2025-08-17 22:44:00,1280,M,1994,2025-08
1281,2025-08-14 21:46:00,1281,M,1995,2025-08
1282,2025-08-12 21:43:00,1282,M,1994,2025-08
1283,2025-08-05 17:57:00,1283,F,2000,2025-08
1284,2025-08-02 00:41:00,1284,F,2000,2025-08
1285,2025-08-17 15:54:00,1285,M,1992,2025-08
1286,2025-08-06 02:48:00,1286,M,1991,2025-08
1287,2025-08-08 10:17:00,1287,M,1989,2025-08
1288,2025-08-08 17:41:00,1288,M,1996,2025-08
1289,2025-08-27 07:05:00,1289,M,1991,2025-08
1290,2025-08-26 18:28:00,1290,M,1988,2025-08
1291,2025-08-16 14:20:00,1291,M,1996,2025-08
1292,2025-08-16 23:41:00,1292,M,2002,2025-08
1293,2025-08-13 13:02:00,1293,M,1994,2025-08
1294,2025-08-01 02:50:00,1294,M,1997,2025-08
1295,2025-08-20 20:19:00,1295,F,1998,2025-08
1296,2025-08-18 06:41:00,1296,F,1997,2025-08
1297,2025-08-31 10:23:00,1297,F,2000,2025-08
1298,2025-08-27 07:54:00,1298,M,1994,2025-08
1299,2025-08-18 19:38:00,1299,M,1995,2025-08
1300,2025-08-22 11:45:00,1300,M,1995,2025-08
1301,2025-09-04 21:14:00,1301,M,1992,2025-09
1302,2025-09-12 20:51:00,1302,M,1997,2025-09
1303,2025-09-17 11:44:00,1303,M,1994,2025-09
1304,2025-09-29 05:31:00,1304,M,1992,2025-09
1305,2025-09-23 23:46:00,1305,M,1996,2025-09
1306,2025-09-09 19:12:00,1306,M,1992,2025-09
1307,2025-09-30 12:13:00,1307,M,1995,2025-09
1308,2025-09-26 06:45:00,1308,M,1994,2025-09
1309,2025-09-25 13:02:00,1309,F,2001,2025-09
1310,2025-09-27 21:37:00,1310,M,1996,2025-09
1311,2025-09-29 14:29:00,1311,M,1994,2025-09
1312,2025-09-17 04:31:00,1312,M,1997,2025-09
1313,2025-09-24 01:35:00,1313,F,2002,2025-09
1314,2025-09-27 18:30:00,1314,F,1999,2025-09
1315,2025-09-25 05:44:00,1315,M,1995,2025-09
1316,2025-09-24 04:06:00,1316,M,1991,2025-09
1317,2025-09-20 19:56:00,1317,M,1991,2025-09
1318,2025-09-29 12:26:00,1318,F,1997,2025-09
1319,2025-09-30 22:48:00,1319,M,1993,2025-09
1320,2025-09-13 10:18:00,1320,M,1994,2025-09
1321,2025-09-05 04:26:00,1321,M,1995,2025-09
1322,2025-09-29 23:32:00,1322,M,1996,2025-09
1323,2025-09-23 17:55:00,1323,M,1994,2025-09
1324,2025-09-24 17:40:00,1324,M,1996,2025-09
1325,2025-09-07 19:45:00,1325,M,1995,2025-09
1326,2025-09-12 21:08:00,1326,F,1992,2025-09
1327,2025-09-21 05:32:00,1327,M,1992,2025-09
1328,2025-09-21 10:45:00,1328,M,1994,2025-09
1329,2025-09-12 17:30:00,1329,M,1991,2025-09
1330,2025-09-22 22:26:00,1330,F,1999,2025-09
1331,2025-09-29 17:18:00,1331,F,2002,2025-09
1332,2025-09-14 00:33:00,1332,M,1998,2025-09
1333,2025-09-13 04:03:00,1333,F,1997,2025-09
1334,2025-09-07 08:48:00,1334,F,2002,2025-09
1335,2025-09-10 21:16:00,1335,M,1995,2025-09
1336,2025-09-02 22:50:00,1336,M,1993,2025-09
1337,2025-09-25 17:02:00,1337,M,1993,2025-09
1338,2025-09-15 03:39:00,1338,F,1997,2025-09
1339,2025-09-24 17:55:00,1339,M,1993,2025-09
1340,2025-09-21 17:24:00,1340,M,1995,2025-09
1341,2025-09-26 22:18:00,1341,F,1998,2025-09
1342,2025-09-02 12:24:00,1342,M,1995,2025-09
1343,2025-09-26 21:20:00,1343,F,1999,2025-09
1344,2025-09-02 00:47:00,1344,M,1998,2025-09
1345,2025-09-20 14:53:00,1345,M,1997,2025-09
1346,2025-09-21 22:45:00,1346,M,1990,2025-09
1347,2025-09-25 18:34:00,1347,F,1990,2025-09
1348,2025-09-07 23:12:00,1348,M,1997,2025-09
1349,2025-09-06 21:04:00,1349,M,1990,2025-09
1350,2025-09-06 23:32:00,1350,M,1994,2025-09
1351,2025-09-02 13:17:00,1351,M,1991,2025-09
1352,2025-09-05 05:37:00,1352,F,1992,2025-09
1353,2025-09-01 10:29:00,1353,F,1999,2025-09
1354,2025-09-05 01:09:00,1354,F,2000,2025-09
1355,2025-09-20 01:49:00,1355,F,1996,2025-09
1356,2025-09-20 21:19:00,1356,M,1987,2025-09
1357,2025-09-19 17:22:00,1357,M,1993,2025-09
1358,2025-09-23 10:33:00,1358,M,1996,2025-09
1359,2025-09-06 16:04:00,1359,F,1993,2025-09
1360,2025-09-06 13:34:00,1360,M,1995,2025-09
1361,2025-09-03 11:14:00,1361,F,1997,2025-09
1362,2025-09-22 10:21:00,1362,M,1996,2025-09
1363,2025-09-07 19:33:00,1363,M,1995,2025-09
1364,2025-09-18 20:00:00,1364,M,1992,2025-09
1365,2025-09-12 14:15:00,1365,F,2001,2025-09
1366,2025-09-20 19:15:00,1366,F,1997,2025-09
1367,2025-09-22 10:24:00,1367,F,1997,2025-09
1368,2025-09-04 12:16:00,1368,M,1992,2025-09
1369,2025-09-10 00:58:00,1369,M,1993,2025-09
1370,2025-09-25 11:32:00,1370,F,1995,2025-09
1371,2025-09-15 15:02:00,1371,M,1994,2025-09
1372,2025-09-21 06:20:00,1372,M,2000,2025-09
1373,2025-09-04 05:49:00,1373,M,1990,2025-09
1374,2025-09-01 20:04:00,1374,M,1990,2025-09
1375,2025-09-21 06:55:00,1375,F,2002,2025-09
1376,2025-09-27 03:13:00,1376,M,1994,2025-09
1377,2025-09-23 23:49:00,1377,M,1992,2025-09
1378,2025-09-27 02:47:00,1378,F,2001,2025-09
1379,2025-09-01 14:45:00,1379,M,1993,2025-09
1380,2025-09-03 02:03:00,1380,M,2000,2025-09
1381,2025-09-09 17:04:00,1381,M,1997,2025-09
1382,2025-09-08 08:26:00,1382,M,1993,2025-09
1383,2025-09-21 12:27:00,1383,M,2001,2025-09
1384,2025-09-13 21:07:00,1384,M,1993,2025-09
1385,2025-09-21 23:39:00,1385,M,1997,2025-09
1386,2025-09-24 18:02:00,1386,F,1998,2025-09
1387,2025-09-03 11:59:00,1387,M,1998,2025-09
1388,2025-09-10 21:19:00,1388,M,1999,2025-09
1389,2025-09-10 14:24:00,1389,M,1995,2025-09
1390,2025-09-22 00:30:00,1390,M,1992,2025-09
1391,2025-09-08 04:47:00,1391,M,1996,2025-09
1392,2025-09-26 17:18:00,1392,F,1995,2025-09
1393,2025-09-05 09:43:00,1393,F,2004,2025-09
1394,2025-09-26 23:41:00,1394,M,1995,2025-09
1395,2025-09-01 17:55:00,1395,M,1993,2025-09
1396,2025-09-04 01:00:00,1396,M,1995,2025-09
1397,2025-09-13 17:35:00,1397,F,1993,2025-09
1398,2025-09-10 06:47:00,1398,F,1995,2025-09
1399,2025-09-24 11:13:00,1399,M,1998,2025-09
1400,2025-09-21 16:09:00,1400,M,1993,2025-09
1401,2025-09-08 19:53:00,1401,M,1991,2025-09
1402,2025-09-04 05:42:00,1402,F,1999,2025-09
1403,2025-09-28 01:54:00,1403,F,2001,2025-09
1404,2025-09-18 14:41:00,1404,M,1997,2025-09
1405,2025-09-10 21:04:00,1405,M,1997,2025-09
1406,2025-09-07 23:37:00,1406,M,1992,2025-09
1407,2025-09-11 11:08:00,1407,F,1993,2025-09
1408,2025-09-08 03:18:00,1408,M,1999,2025-09
1409,2025-09-29 06:20:00,1409,M,1994,2025-09
1410,2025-09-11 19:42:00,1410,M,1994,2025-09
1411,2025-09-19 04:36:00,1411,M,1998,2025-09
1412,2025-09-26 10:27:00,1412,M,1996,2025-09
1413,2025-09-11 07:50:00,1413,M,1996,2025-09
1414,2025-09-24 20:27:00,1414,M,2001,2025-09
1415,2025-09-12 04:43:00,1415,F,1996,2025-09
1416,2025-09-29 15:29:00,1416,M,1997,2025-09
1417,2025-09-25 09:31:00,1417,M,1995,2025-09
1418,2025-09-06 20:38:00,1418,M,1995,2025-09
1419,2025-09-09 04:57:00,1419,M,1999,2025-09
1420,2025-09-09 23:56:00,1420,M,1996,2025-09
1421,2025-09-24 02:57:00,1421,M,1996,2025-09
1422,2025-09-17 20:01:00,1422,F,2001,2025-09
1423,2025-09-19 12:49:00,1423,M,1993,2025-09
1424,2025-09-30 01:35:00,1424,M,1992,2025-09
1425,2025-09-29 17:30:00,1425,M,1991,2025-09
1426,2025-09-05 11:25:00,1426,M,1989,2025-09
1427,2025-09-25 18:46:00,1427,F,2004,2025-09
1428,2025-09-05 14:32:00,1428,M,1991,2025-09
1429,2025-09-13 11:32:00,1429,M,1994,2025-09
1430,2025-09-08 19:43:00,1430,M,1994,2025-09
1431,2025-09-17 04:28:00,1431,M,1995,2025-09
1432,2025-09-19 18:42:00,1432,F,2000,2025-09
1433,2025-09-05 23:46:00,1433,M,1997,2025-09
1434,2025-09-12 01:14:00,1434,F,1996,2025-09
1435,2025-09-08 02:16:00,1435,M,1994,2025-09
1436,2025-09-02 21:13:00,1436,M,1995,2025-09
1437,2025-09-26 11:24:00,1437,M,1994,2025-09
1438,2025-09-15 01:02:00,1438,F,2002,2025-09
1439,2025-09-11 03:45:00,1439,F,1999,2025-09
1440,2025-09-21 08:53:00,1440,F,2000,2025-09
1441,2025-09-19 17:36:00,1441,M,1996,2025-09
1442,2025-09-21 12:23:00,1442,M,1998,2025-09
1443,2025-09-29 02:33:00,1443,M,1995,2025-09
1444,2025-09-30 07:33:00,1444,M,1991,2025-09
1445,2025-09-27 11:31:00,1445,F,1999,2025-09
1446,2025-09-29 19:00:00,1446,M,1993,2025-09
1447,2025-09-05 14:10:00,1447,M,1993,2025-09
1448,2025-09-17 20:17:00,1448,M,1996,2025-09
1449,2025-09-06 05:23:00,1449,M,1998,2025-09
1450,2025-09-27 03:42:00,1450,M,1995,2025-09
1451,2025-09-26 10:46:00,1451,M,1995,2025-09
1452,2025-09-22 15:30:00,1452,M,2000,2025-09
1453,2025-09-06 20:53:00,1453,M,1995,2025-09
1454,2025-09-08 01:08:00,1454,M,2002,2025-09
1455,2025-09-06 04:40:00,1455,M,1996,2025-09
1456,2025-09-29 18:09:00,1456,M,1989,2025-09
1457,2025-09-09 05:33:00,1457,F,2000,2025-09
1458,2025-09-20 18:40:00,1458,M,1996,2025-09
1459,2025-09-24 23:42:00,1459,F,2001,2025-09
1460,2025-09-03 06:28:00,1460,M,1997,2025-09
1461,2025-09-16 15:10:00,1461,M,1994,2025-09
1462,2025-09-14 19:09:00,1462,F,1994,2025-09
1463,2025-09-27 05:39:00,1463,M,1994,2025-09
1464,2025-09-09 05:46:00,1464,F,1995,2025-09
1465,2025-09-30 14:38:00,1465,M,1993,2025-09
1466,2025-09-08 12:24:00,1466,M,1996,2025-09
1467,2025-09-01 06:33:00,1467,F,2003,2025-09
1468,2025-09-17 21:26:00,1468,F,1999,2025-09
1469,2025-09-20 03:11:00,1469,M,1991,2025-09
1470,2025-09-20 19:02:00,1470,F,1999,2025-09
1471,2025-09-18 16:48:00,1471,M,1998,2025-09
1472,2025-09-16 21:08:00,1472,F,1996,2025-09
1473,2025-09-18 00:57:00,1473,F,1997,2025-09
1474,2025-09-22 20:27:00,1474,M,1995,2025-09
1475,2025-09-12 01:44:00,1475,M,1992,2025-09
1476,2025-09-08 15:50:00,1476,F,1999,2025-09
1477,2025-09-12 18:51:00,1477,F,1997,2025-09
1478,2025-09-25 22:36:00,1478,M,1996,2025-09
1479,2025-09-05 08:30:00,1479,F,1995,2025-09
1480,2025-09-30 02:18:00,1480,M,1993,2025-09
1481,2025-09-18 13:16:00,1481,M,1997,2025-09
1482,2025-09-23 23:50:00,1482,M,1993,2025-09
1483,2025-09-17 03:33:00,1483,M,2000,2025-09
1484,2025-09-21 06:44:00,1484,F,1996,2025-09
1485,2025-09-14 11:06:00,1485,M,1995,2025-09
1486,2025-09-21 18:16:00,1486,M,1997,2025-09
1487,2025-09-18 13:36:00,1487,M,1990,2025-09
1488,2025-09-09 21:25:00,1488,F,1992,2025-09
1489,2025-09-14 17:50:00,1489,M,1990,2025-09
1490,2025-09-06 11:35:00,1490,M,1998,2025-09
1491,2025-09-09 09:36:00,1491,M,1993,2025-09
1492,2025-09-23 12:47:00,1492,M,2002,2025-09
1493,2025-09-28 21:07:00,1493,F,1996,2025-09
1494,2025-09-15 22:10:00,1494,M,1995,2025-09
1495,2025-09-17 12:50:00,1495,M,1999,2025-09
1496,2025-09-18 19:44:00,1496,F,2004,2025-09
1497,2025-09-02 05:24:00,1497,F,2004,2025-09
1498,2025-09-01 02:52:00,1498,M,1998,2025-09
1499,2025-09-30 19:27:00,1499,M,1998,2025-09
1500,2025-09-09 07:23:00,1500,M,1996,2025-09
1501,2025-10-02 23:24:00,1501,F,2000,2025-10
1502,2025-10-13 19:41:00,1502,M,1993,2025-10
1503,2025-10-23 19:03:00,1503,F,1995,2025-10
1504,2025-10-27 05:40:00,1504,M,1994,2025-10
1505,2025-10-01 06:54:00,1505,M,1994,2025-10
1506,2025-10-26 16:18:00,1506,M,1993,2025-10
1507,2025-10-26 19:32:00,1507,M,1997,2025-10
1508,2025-10-08 19:10:00,1508,F,2000,2025-10
1509,2025-10-12 07:41:00,1509,M,1995,2025-10
1510,2025-10-06 02:17:00,1510,F,2002,2025-10
1511,2025-10-12 21:25:00,1511,M,1991,2025-10
1512,2025-10-07 16:00:00,1512,F,1997,2025-10
1513,2025-10-03 02:35:00,1513,M,1992,2025-10
1514,2025-10-27 17:58:00,1514,M,1989,2025-10
1515,2025-10-12 08:14:00,1515,M,1994,2025-10
1516,2025-10-07 14:59:00,1516,M,1994,2025-10
1517,2025-10-01 08:11:00,1517,M,1999,2025-10
1518,2025-10-04 17:04:00,1518,M,1996,2025-10
1519,2025-10-11 03:51:00,1519,M,1991,2025-10
1520,2025-10-09 17:52:00,1520,F,2003,2025-10
1521,2025-10-09 22:28:00,1521,F,2001,2025-10
1522,2025-10-19 15:49:00,1522,M,1996,2025-10
1523,2025-10-11 14:43:00,1523,M,1994,2025-10
1524,2025-10-19 00:30:00,1524,M,1992,2025-10
1525,2025-10-03 12:40:00,1525,F,1996,2025-10
1526,2025-10-08 21:44:00,1526,M,1998,2025-10
1527,2025-10-11 13:22:00,1527,M,2000,2025-10
1528,2025-10-01 22:53:00,1528,M,1999,2025-10
1529,2025-10-10 02:25:00,1529,F,1996,2025-10
1530,2025-10-27 10:04:00,1530,M,1991,2025-10
1531,2025-10-06 15:20:00,1531,M,1995,2025-10
1532,2025-10-29 18:17:00,1532,M,1989,2025-10
1533,2025-10-24 21:59:00,1533,F,1998,2025-10
1534,2025-10-16 23:12:00,1534,M,1994,2025-10
1535,2025-10-08 08:13:00,1535,M,1993,2025-10
1536,2025-10-27 07:53:00,1536,M,1990,2025-10
1537,2025-10-05 03:07:00,1537,F,1999,2025-10
1538,2025-10-22 21:31:00,1538,M,1993,2025-10
1539,2025-10-25 17:02:00,1539,F,1994,2025-10
1540,2025-10-12 19:20:00,1540,M,1986,2025-10
1541,2025-10-29 18:55:00,1541,M,1994,2025-10
1542,2025-10-06 16:17:00,1542,M,2000,2025-10
1543,2025-10-25 18:08:00,1543,M,1999,2025-10
1544,2025-10-26 13:30:00,1544,F,1996,2025-10
1545,2025-10-02 16:22:00,1545,M,1993,2025-10
1546,2025-10-22 05:29:00,1546,F,1999,2025-10
1547,2025-10-23 16:29:00,1547,M,1992,2025-10
1548,2025-10-01 00:43:00,1548,M,1995,2025-10
1549,2025-10-19 03:20:00,1549,M,1997,2025-10
1550,2025-10-28 08:11:00,1550,M,1998,2025-10
1551,2025-10-08 08:30:00,1551,F,1997,2025-10
1552,2025-10-11 11:11:00,1552,M,1994,2025-10
1553,2025-10-07 13:44:00,1553,F,1995,2025-10
1554,2025-10-12 12:17:00,1554,M,1992,2025-10
1555,2025-10-19 04:36:00,1555,F,1997,2025-10
1556,2025-10-27 03:46:00,1556,M,1996,2025-10
1557,2025-10-08 17:27:00,1557,F,2000,2025-10
1558,2025-10-07 04:51:00,1558,F,1995,2025-10
1559,2025-10-05 15:51:00,1559,M,1999,2025-10
1560,2025-10-14 15:08:00,1560,F,1997,2025-10
1561,2025-10-28 20:33:00,1561,M,1994,2025-10
1562,2025-10-11 15:19:00,1562,M,1992,2025-10
1563,2025-10-28 18:03:00,1563,M,1987,2025-10
1564,2025-10-23 05:03:00,1564,M,1997,2025-10
1565,2025-10-09 15:53:00,1565,M,1997,2025-10
1566,2025-10-15 23:21:00,1566,M,1994,2025-10
1567,2025-10-12 17:35:00,1567,F,1998,2025-10
1568,2025-10-09 11:01:00,1568,M,1996,2025-10
1569,2025-10-12 21:38:00,1569,M,1990,2025-10
1570,2025-10-19 20:41:00,1570,M,1993,2025-10
1571,2025-10-25 09:22:00,1571,M,1997,2025-10
1572,2025-10-17 15:49:00,1572,F,1994,2025-10
1573,2025-10-29 02:24:00,1573,M,1995,2025-10
1574,2025-10-15 20:09:00,1574,F,1993,2025-10
1575,2025-10-21 10:26:00,1575,M,1996,2025-10
1576,2025-10-19 12:54:00,1576,F,1997,2025-10
1577,2025-10-03 05:21:00,1577,M,1990,2025-10
1578,2025-10-11 20:18:00,1578,F,2001,2025-10
1579,2025-10-20 20:25:00,1579,M,1992,2025-10
1580,2025-10-15 11:47:00,1580,M,1992,2025-10
1581,2025-10-31 14:26:00,1581,M,1995,2025-10
1582,2025-10-28 00:08:00,1582,F,2001,2025-10
1583,2025-10-22 08:47:00,1583,F,1994,2025-10
1584,2025-10-03 06:10:00,1584,M,1995,2025-10
1585,2025-10-04 02:59:00,1585,F,1999,2025-10
1586,2025-10-18 01:01:00,1586,F,2000,2025-10
1587,2025-10-17 02:06:00,1587,M,1995,2025-10
1588,2025-10-05 02:41:00,1588,F,1996,2025-10
1589,2025-10-13 09:14:00,1589,M,1992,2025-10
1590,2025-10-10 14:40:00,1590,M,1995,2025-10
1591,2025-10-17 05:01:00,1591,M,1991,2025-10
1592,2025-10-12 10:55:00,1592,M,1986,2025-10
1593,2025-10-28 17:59:00,1593,M,1996,2025-10
1594,2025-10-15 04:44:00,1594,M,1997,2025-10
1595,2025-10-19 19:29:00,1595,M,1987,2025-10
1596,2025-10-21 18:27:00,1596,M,1991,2025-10
1597,2025-10-21 17:19:00,1597,F,1999,2025-10
1598,2025-10-16 17:14:00,1598,F,2004,2025-10
1599,2025-10-15 09:23:00,1599,M,1995,2025-10
1600,2025-10-05 09:00:00,1600,M,1992,2025-10
1601,2025-10-27 04:22:00,1601,M,1994,2025-10
1602,2025-10-18 00:44:00,1602,F,2002,2025-10
1603,2025-10-31 15:19:00,1603,M,1993,2025-10
1604,2025-10-14 09:38:00,1604,M,1992,2025-10
1605,2025-10-01 17:23:00,1605,M,1993,2025-10
1606,2025-10-29 17:27:00,1606,M,1992,2025-10
1607,2025-10-06 22:47:00,1607,M,1995,2025-10
1608,2025-10-27 12:14:00,1608,M,1999,2025-10
1609,2025-10-14 20:15:00,1609,M,1995,2025-10
1610,2025-10-26 19:51:00,1610,F,1997,2025-10
1611,2025-10-09 09:41:00,1611,F,1997,2025-10
1612,2025-10-26 08:26:00,1612,M,1990,2025-10
1613,2025-10-03 05:08:00,1613,M,1997,2025-10
1614,2025-10-21 14:39:00,1614,M,1994,2025-10
1615,2025-10-23 19:31:00,1615,M,1994,2025-10
1616,2025-10-01 04:03:00,1616,F,2007,2025-10
1617,2025-10-01 05:06:00,1617,M,1995,2025-10
1618,2025-10-05 22:28:00,1618,F,1995,2025-10
1619,2025-10-08 02:09:00,1619,M,1993,2025-10
1620,2025-10-07 10:26:00,1620,M,1998,2025-10
1621,2025-10-26 15:23:00,1621,M,1995,2025-10
1622,2025-10-26 01:21:00,1622,M,1990,2025-10
1623,2025-10-25 04:03:00,1623,M,1997,2025-10
1624,2025-10-13 02:34:00,1624,M,1992,2025-10
1625,2025-10-07 08:52:00,1625,M,2000,2025-10
1626,2025-10-01 03:49:00,1626,F,2001,2025-10
1627,2025-10-13 14:15:00,1627,F,1996,2025-10
1628,2025-10-02 06:29:00,1628,F,2001,2025-10
1629,2025-10-04 16:42:00,1629,F,1998,2025-10
1630,2025-10-16 12:43:00,1630,F,2000,2025-10
1631,2025-10-30 10:10:00,1631,M,1996,2025-10
1632,2025-10-02 23:59:00,1632,M,1992,2025-10
1633,2025-10-04 08:30:00,1633,M,1993,2025-10
1634,2025-10-07 11:56:00,1634,M,1998,2025-10
1635,2025-10-22 06:07:00,1635,M,1993,2025-10
1636,2025-10-14 10:00:00,1636,M,1993,2025-10
1637,2025-10-09 18:07:00,1637,M,1992,2025-10
1638,2025-10-08 00:02:00,1638,M,1996,2025-10
1639,2025-10-23 15:44:00,1639,M,2001,2025-10
1640,2025-10-12 02:15:00,1640,M,1991,2025-10
1641,2025-10-03 21:39:00,1641,M,1995,2025-10
1642,2025-10-25 20:03:00,1642,M,1999,2025-10
1643,2025-10-21 04:44:00,1643,M,1994,2025-10
1644,2025-10-04 04:31:00,1644,M,1996,2025-10
1645,2025-10-18 20:48:00,1645,M,1991,2025-10
1646,2025-10-29 14:46:00,1646,M,1996,2025-10
1647,2025-10-23 12:22:00,1647,F,1997,2025-10
1648,2025-10-09 01:31:00,1648,F,2000,2025-10
1649,2025-10-18 09:34:00,1649,F,2001,2025-10
1650,2025-10-07 18:11:00,1650,M,2002,2025-10
1651,2025-10-11 23:29:00,1651,M,1996,2025-10
1652,2025-10-27 19:58:00,1652,F,1998,2025-10
1653,2025-10-06 02:33:00,1653,M,1995,2025-10
1654,2025-10-10 08:34:00,1654,M,1993,2025-10
1655,2025-10-01 20:32:00,1655,M,1996,2025-10
1656,2025-10-06 00:39:00,1656,F,1997,2025-10
1657,2025-10-25 19:15:00,1657,M,1995,2025-10
1658,2025-10-03 21:34:00,1658,F,2001,2025-10
1659,2025-10-07 16:43:00,1659,M,1991,2025-10
1660,2025-10-18 04:39:00,1660,M,1998,2025-10
1661,2025-10-14 20:20:00,1661,M,1998,2025-10
1662,2025-10-17 21:04:00,1662,M,1994,2025-10
1663,2025-10-31 04:11:00,1663,F,1991,2025-10
1664,2025-10-07 03:31:00,1664,M,1993,2025-10
1665,2025-10-02 18:41:00,1665,F,2001,2025-10
1666,2025-10-22 15:33:00,1666,M,1994,2025-10
1667,2025-10-19 08:03:00,1667,M,1992,2025-10
1668,2025-10-20 22:04:00,1668,M,1993,2025-10
1669,2025-10-30 06:41:00,1669,M,1997,2025-10
1670,2025-10-29 02:29:00,1670,F,1999,2025-10
1671,2025-10-02 11:35:00,1671,F,1997,2025-10
1672,2025-10-29 13:52:00,1672,M,1993,2025-10
1673,2025-10-23 01:52:00,1673,M,1993,2025-10
1674,2025-10-17 01:46:00,1674,M,1992,2025-10
1675,2025-10-10 02:13:00,1675,F,2002,2025-10
1676,2025-10-04 03:46:00,1676,M,1994,2025-10
1677,2025-10-13 06:12:00,1677,M,1998,2025-10
1678,2025-10-08 18:40:00,1678,F,2002,2025-10
1679,2025-10-18 23:35:00,1679,M,1997,2025-10
1680,2025-10-04 20:36:00,1680,M,1993,2025-10
1681,2025-10-15 22:42:00,1681,M,1996,2025-10
1682,2025-10-04 05:50:00,1682,M,1994,2025-10
1683,2025-10-13 16:21:00,1683,M,1992,2025-10
1684,2025-10-18 19:28:00,1684,F,1998,2025-10
1685,2025-10-29 10:35:00,1685,F,1994,2025-10
1686,2025-10-11 11:26:00,1686,F,2001,2025-10
1687,2025-10-14 23:20:00,1687,M,1993,2025-10
1688,2025-10-19 17:13:00,1688,M,1995,2025-10
1689,2025-10-18 23:16:00,1689,M,1995,2025-10
1690,2025-10-15 14:25:00,1690,M,1994,2025-10
1691,2025-10-02 09:38:00,1691,M,1996,2025-10
1692,2025-10-05 09:00:00,1692,M,1993,2025-10
1693,2025-10-08 06:54:00,1693,M,1997,2025-10
1694,2025-10-25 22:52:00,1694,M,1990,2025-10
1695,2025-10-18 16:35:00,1695,M,1995,2025-10
1696,2025-10-19 04:06:00,1696,M,2000,2025-10
1697,2025-10-12 04:08:00,1697,M,1991,2025-10
1698,2025-10-29 18:15:00,1698,M,1992,2025-10
1699,2025-10-26 09:05:00,1699,M,1996,2025-10
1700,2025-10-19 06:46:00,1700,M,1995,2025-10
